Publish Date,Average
2009-01-01,-0.2957485263546308
2009-01-02,-0.169913723715581
2009-01-03,-0.25085588321089747
2009-01-04,-0.24870507954619825
2009-01-05,-0.047597756416633226
2009-01-06,-0.06946535612786969
2009-01-07,-0.44876578201850253
2009-01-08,-0.21128820386630567
2009-01-09,-0.20509002487071687
2009-01-10,-0.3617591814448436
2009-01-11,-0.2806034135632217
2009-01-12,-0.194454308298807
2009-01-13,-0.32904414843235696
2009-01-14,-0.3781967839307111
2009-01-15,-0.2598140498739667
2009-01-16,-0.24964277690742165
2009-01-17,-0.1358564936866363
2009-01-18,-0.25471149740571325
2009-01-19,-0.36085095979047543
2009-01-20,-0.3768987520597875
2009-01-21,-0.3429962600416997
2009-01-22,-0.35772242106315566
2009-01-23,-0.31673098889154355
2009-01-24,-0.3360044560395181
2009-01-25,-0.07003021732504879
2009-01-26,-0.29369214599808824
2009-01-27,-0.3347299562501056
2009-01-28,-0.22664663932741957
2009-01-29,-0.31105680248521744
2009-01-30,-0.29925440869680264
2009-01-31,-0.6251107681542635
2009-02-01,-0.23923118742690844
2009-02-02,-0.19421202735975382
2009-02-03,-0.1361290387188395
2009-02-04,-0.2077816605654567
2009-02-05,-0.2616593226945649
2009-02-06,-0.18631329517811537
2009-02-07,-0.04157669423148037
2009-02-08,-0.19120113895489618
2009-02-09,-0.08190975666400932
2009-02-10,-0.24726005177944899
2009-02-11,-0.3310600812546909
2009-02-12,-0.28895432005325955
2009-02-13,-0.32685658722184596
2009-02-14,-0.2198233018414332
2009-02-15,-0.19974017341155562
2009-02-16,-0.31976507588600117
2009-02-17,-0.16046012106041113
2009-02-18,-0.23730564676225185
2009-02-19,-0.2792292968096102
2009-02-20,-0.3946210757829249
2009-02-21,0.043313809980948775
2009-02-22,-0.1854980599421721
2009-02-23,-0.024509094500293344
2009-02-24,-0.3635921908323379
2009-02-25,-0.2056196164339781
2009-02-26,-0.08142611192648902
2009-02-27,-0.3614182200420786
2009-02-28,-0.4687987019618352
2009-03-01,-0.24694077842510664
2009-03-02,-0.2695078525825271
2009-03-03,-0.27710224833572283
2009-03-04,0.0662243406705815
2009-03-05,-0.3595302229481084
2009-03-06,-0.3280748085265881
2009-03-07,-0.22006695453698435
2009-03-08,-0.1748514266477691
2009-03-09,-0.07706790594827562
2009-03-10,-0.16535761964417273
2009-03-11,-0.31603467858263423
2009-03-12,-0.39698260820337705
2009-03-13,-0.07448432047385721
2009-03-14,0.13683991453477315
2009-03-15,-0.2890796706510278
2009-03-16,-0.24757469969335943
2009-03-17,-0.1544355976170507
2009-03-18,-0.35997914069810427
2009-03-19,-0.18976506693778852
2009-03-20,-0.35819076986185144
2009-03-21,-0.5313161940624317
2009-03-22,-0.21661928705871106
2009-03-23,0.07593071008367196
2009-03-24,-0.20554597573798328
2009-03-25,-0.2697713318205363
2009-03-26,-0.30500111638435295
2009-03-27,-0.35522412217687815
2009-03-28,-0.1447740672156215
2009-03-29,-0.24376694023095327
2009-03-30,-0.09977070445364174
2009-03-31,-0.3505763290449977
2009-04-01,-0.30503028218767475
2009-04-02,-0.16874220930039882
2009-04-03,-0.2768603506333688
2009-04-04,-0.05672194508628714
2009-04-05,0.03403193131089209
2009-04-06,-0.27108451001571887
2009-04-07,-0.13980096106284431
2009-04-08,-0.36836602082797165
2009-04-09,-0.1702372976220571
2009-04-10,-0.39376453017549856
2009-04-11,-0.1362143384390756
2009-04-12,-0.12442131293937565
2009-04-13,-0.2946176257294913
2009-04-14,-0.22642665154611072
2009-04-15,-0.21811387925569353
2009-04-16,-0.1400065819822973
2009-04-17,-0.020258459230435306
2009-04-18,0.05205751872724956
2009-04-19,-0.023528880129257846
2009-04-20,-0.12176628177985549
2009-04-21,-0.210190160629841
2009-04-22,-0.3020448975265026
2009-04-23,-0.32365704229211106
2009-04-24,-0.02563727786764501
2009-04-25,-0.3896284391613383
2009-04-26,-0.2306232714595703
2009-04-27,-0.15735667323072752
2009-04-28,-0.2680946535741289
2009-04-29,-0.11782615683558914
2009-04-30,-0.17195000960713344
2009-05-01,-0.1298867385420534
2009-05-02,-0.21269282673796017
2009-05-03,-0.47455119798806583
2009-05-04,-0.23203461728990077
2009-05-05,-0.22610681814452016
2009-05-06,0.044860932298681946
2009-05-07,-0.18048376076180359
2009-05-08,-0.2651191477284387
2009-05-09,-0.15765655374056414
2009-05-10,-0.14311453244752353
2009-05-11,-0.22489077225327492
2009-05-12,-0.36295722398374763
2009-05-13,-0.24724688478138135
2009-05-14,-0.22276841432210945
2009-05-15,-0.1776010488115606
2009-05-16,-0.23279919972022378
2009-05-17,-0.15770075718561807
2009-05-18,-0.008111029508568
2009-05-19,-0.17885299096815288
2009-05-20,-0.38052356049970343
2009-05-21,-0.4257920439251595
2009-05-22,-0.15401316916739402
2009-05-23,-0.3635014838610704
2009-05-24,-0.1467578566887162
2009-05-25,-0.15072297351434824
2009-05-26,-0.37835835407559687
2009-05-27,-0.13353439347286308
2009-05-28,-0.18716197316017416
2009-05-29,0.019925777457262327
2009-05-30,-0.119381045922637
2009-05-31,-0.6824211653321981
2009-06-01,-0.14186087040149647
2009-06-02,-0.26703075936529785
2009-06-03,-0.42214866555654085
2009-06-04,-0.3503415722237981
2009-06-05,0.053711763583123684
2009-06-06,-0.11368413367553763
2009-06-07,-0.005569441074674822
2009-06-08,-0.14873316570777784
2009-06-09,-0.3613591535907725
2009-06-10,-0.12703084494345462
2009-06-11,-0.3080101759051499
2009-06-12,0.04893078779180845
2009-06-13,-0.12688358632080696
2009-06-14,0.018113607126805504
2009-06-15,-0.5425048447731469
2009-06-16,-0.26772578138237196
2009-06-17,-0.018858928978443126
2009-06-18,-0.18141058361267343
2009-06-19,-0.15822019071007767
2009-06-20,-0.30203190007630515
2009-06-21,-0.1431887208018452
2009-06-22,-0.3542570549817312
2009-06-23,-0.2979916598913925
2009-06-24,-0.2506069718549649
2009-06-25,-0.28068067288647097
2009-06-26,-0.16164236306212842
2009-06-27,-0.1511253081262112
2009-06-28,-0.5646180510520935
2009-06-29,-0.10444138649230202
2009-06-30,-0.3825813542306423
2009-07-01,-0.08262185249477624
2009-07-02,-0.4617656867951155
2009-07-03,-0.3080963449966576
2009-07-04,-0.2359316309293111
2009-07-05,-0.18450461410813862
2009-07-06,-0.31131663969294593
2009-07-07,-0.1986617881216501
2009-07-08,-0.24632069573778173
2009-07-09,-0.2445211275702431
2009-07-10,-0.19703313369642605
2009-07-11,-0.10221879270214301
2009-07-12,-0.12462032400071621
2009-07-13,0.09514436851206579
2009-07-14,-0.05481719264858648
2009-07-15,-0.41488768783612895
2009-07-16,-0.1119939130730927
2009-07-17,0.0740855842044479
2009-07-18,-0.22467348195220294
2009-07-19,0.28445415080270986
2009-07-20,0.07409305560092132
2009-07-21,0.11156538226034331
2009-07-22,-0.34473190991126973
2009-07-23,-0.2728133169778933
2009-07-24,0.04014902830951744
2009-07-25,-0.21702217310667038
2009-07-26,-0.28207303007895296
2009-07-27,-0.004755052737891653
2009-07-28,-0.47575207287445664
2009-07-29,0.10036812876553637
2009-07-30,-0.1376894245354029
2009-07-31,-0.1792174218222499
2009-08-01,-0.31065015947180136
2009-08-02,-0.10354530578479176
2009-08-03,0.11498345980154616
2009-08-04,-0.409994927588208
2009-08-05,-0.08917338520820652
2009-08-06,0.16253610745072364
2009-08-07,-0.11645848561255705
2009-08-08,-0.41409581290049985
2009-08-09,-0.11520100810698099
2009-08-10,-0.16997666712850332
2009-08-11,-0.14674810408836317
2009-08-12,-0.19799670472275463
2009-08-13,-0.19228826582431793
2009-08-14,-0.15326378440173963
2009-08-15,-0.26784126002054953
2009-08-16,-0.27046624157163834
2009-08-17,-0.12513700291952665
2009-08-18,-0.334683028049767
2009-08-19,-0.040058850150170015
2009-08-20,-0.08717556869877237
2009-08-21,-0.13097627744788215
2009-08-22,-0.02378221388374056
2009-08-23,-0.4661300687326325
2009-08-24,-0.008680256591601805
2009-08-25,0.08683053065430033
2009-08-26,-0.07010119486796229
2009-08-27,-0.2520936981815359
2009-08-28,-0.22215762687847018
2009-08-29,-0.18749619967171124
2009-08-30,-0.36109073576517403
2009-08-31,-0.149247654248029
2009-09-01,-0.2072068490934643
2009-09-02,-0.38259683176875114
2009-09-03,-0.16977645076811312
2009-09-04,0.02253655024937223
2009-09-05,-0.1481185581535101
2009-09-06,-0.2222799143443505
2009-09-07,-0.10811875339435495
2009-09-08,-0.010110765993595141
2009-09-09,0.06467633432475849
2009-09-10,-0.21153628410150607
2009-09-11,0.06253584027290345
2009-09-12,-0.20494729230801265
2009-09-13,-0.3988933488726616
2009-09-14,-0.15000075834064647
2009-09-15,-0.24261877512825383
2009-09-16,0.03647256387328658
2009-09-17,-0.10679140190283459
2009-09-18,-0.10247903843612774
2009-09-19,-0.1859318529696841
2009-09-20,-0.39574572816491127
2009-09-21,-0.15911178409375928
2009-09-22,-0.1318084845462671
2009-09-23,-0.04189486731775108
2009-09-24,-0.19022497522334259
2009-09-25,-0.2329495841792474
2009-09-26,-0.08163751102983952
2009-09-27,-0.32785646989941597
2009-09-28,-0.06820864408560422
2009-09-29,-0.10819011173494485
2009-09-30,-0.16044430655892938
2009-10-01,-0.15339635286865563
2009-10-02,-0.5191059365649434
2009-10-03,0.1044178195297718
2009-10-04,-0.20991252043417524
2009-10-05,-0.26771375891708193
2009-10-06,0.053652020692825306
2009-10-07,0.06804892724310908
2009-10-08,-0.011354995955680994
2009-10-09,-0.08570857400841572
2009-10-10,-0.1316920839017257
2009-10-11,-0.43560114099333686
2009-10-12,-0.11151902618197103
2009-10-13,-0.17248416702975244
2009-10-14,-0.09931568771600724
2009-10-15,-0.06743553244779187
2009-10-16,-0.36637766355354534
2009-10-17,-0.08596100223561126
2009-10-18,-0.29493475953737897
2009-10-19,-0.04420621676937393
2009-10-20,-0.2320671963638493
2009-10-21,-0.23830550799474998
2009-10-22,-0.3040188381400628
2009-10-23,-0.3411488103327052
2009-10-24,0.14002172811888158
2009-10-25,-0.23847391110445776
2009-10-26,-0.1447947241720699
2009-10-27,-0.19192739077178494
2009-10-28,-0.20933545112390728
2009-10-29,-0.06997749783098697
2009-10-30,-0.2335972590776889
2009-11-01,-0.2630074472122249
2009-11-02,-0.15144582766179854
2009-11-03,-0.1373130138963461
2009-11-04,-0.01669973237761136
2009-11-05,-0.10931777253746987
2009-11-06,-0.259941342489227
2009-11-07,-0.463636577129364
2009-11-08,-0.11946630697039996
2009-11-09,0.1598205917097371
2009-11-10,0.02193429945938049
2009-11-11,-0.11186603069878545
2009-11-12,-0.0354852266609669
2009-11-13,-0.2846724061916272
2009-11-14,-0.4182265912267295
2009-11-15,-0.17165160520623132
2009-11-16,0.11327510140836237
2009-11-17,-0.1746715992116011
2009-11-18,-0.06722643122904831
2009-11-19,0.003549316674470884
2009-11-20,-0.37781601885090704
2009-11-21,0.813188374042511
2009-11-22,-0.30380167575045064
2009-11-23,-0.09336443097951513
2009-11-24,-0.23159743159225113
2009-11-25,-0.1433482145269712
2009-11-26,-0.44685574537464257
2009-11-27,-0.11744764828207815
2009-11-29,-0.14463317394256592
2009-11-30,-0.3649867787212133
2009-12-01,-0.03431564167141915
2009-12-02,-0.12991619468308413
2009-12-03,0.06300101584444441
2009-12-04,-0.12178772673010826
2009-12-06,-0.04001496910401014
2009-12-07,-0.048208754340356055
2009-12-08,-0.3155162871159889
2009-12-09,0.006829633857264636
2009-12-10,0.11564111278245323
2009-12-11,-0.09723668666556477
2009-12-13,-0.15596367341155806
2009-12-14,0.04205327570952217
2009-12-15,-0.2520622911934669
2009-12-16,-0.2528665818530938
2009-12-17,-0.39440542129943
2009-12-18,-0.2828382801574965
2009-12-20,-0.1946960517338344
2009-12-21,-0.008245587510907126
2009-12-22,0.2753637697370279
2009-12-23,-0.08716802345588806
2009-12-24,0.3918274622410536
2009-12-25,-0.0469727218151092
2009-12-27,-0.2636066531496388
2009-12-28,-0.31686382678647834
2009-12-29,0.07066386627654234
2009-12-30,-0.22331335502011435
2009-12-31,-0.1080804866953538
2010-01-01,0.11040884256362915
2010-01-03,-0.32540279041443554
2010-01-04,0.17559728342229905
2010-01-05,-0.015338276258923809
2010-01-06,-0.10474719659735762
2010-01-07,-0.1288356285711581
2010-01-08,-0.2904411611250705
2010-01-09,-0.5701269060373306
2010-01-10,-0.02551717880894157
2010-01-11,0.005774195306003082
2010-01-12,-0.1685096306194152
2010-01-13,-0.08312973218119664
2010-01-14,-0.1031703183670407
2010-01-15,-0.044693338635720725
2010-01-16,-0.2564873757461707
2010-01-17,-0.0818949971968929
2010-01-18,-0.2618364807040918
2010-01-19,-0.3076911115915411
2010-01-20,-0.26010656474089183
2010-01-21,-0.14137411738435426
2010-01-22,-0.29165275137694113
2010-01-23,0.056420801828304924
2010-01-24,-0.12163013685494664
2010-01-25,-0.07417767896102026
2010-01-26,-0.33678874783217905
2010-01-27,-0.3339722173771373
2010-01-28,-0.3140512451242942
2010-01-29,-0.1397639555442664
2010-01-31,-0.3036143478790396
2010-02-01,-0.018406254239380367
2010-02-02,-0.22341698908712715
2010-02-03,-0.3072629612512313
2010-02-04,-0.1475667377166888
2010-02-05,-0.4272966970068713
2010-02-06,-0.3605478964745999
2010-02-07,-0.12999899332460604
2010-02-08,-0.1577738519561918
2010-02-09,-0.11416509446194943
2010-02-10,0.016007731251161665
2010-02-11,-0.06565501041710377
2010-02-12,-0.20923064602538943
2010-02-13,0.24781540284554163
2010-02-14,-0.14780747661223778
2010-02-15,0.08668111152946947
2010-02-16,0.0428100156908234
2010-02-17,-0.18853199091695605
2010-02-18,-0.40627471745014193
2010-02-19,-0.23531429924898678
2010-02-21,-0.17101669196899122
2010-02-22,-0.20341438924272856
2010-02-23,-0.2804070010426499
2010-02-24,-0.1816737006107966
2010-02-25,-0.25079443997570444
2010-02-26,-0.035375121670464665
2010-02-27,0.5023970603942871
2010-02-28,-0.3691501425845282
2010-03-01,-0.011078365290394196
2010-03-02,-0.15533437234935937
2010-03-03,-0.12831151890086717
2010-03-04,-0.14652990406999986
2010-03-05,0.10069096943034847
2010-03-06,-0.06754720769822595
2010-03-07,0.16993891886051962
2010-03-08,-0.13937947917729618
2010-03-09,-0.4308721374558366
2010-03-10,-0.13353089220821857
2010-03-11,-0.07498785763465125
2010-03-12,-0.1925210554152727
2010-03-13,-0.8764950633049011
2010-03-14,-0.007555700838565822
2010-03-15,-0.374544597763036
2010-03-16,-0.17351467019090286
2010-03-17,-0.19903447398295004
2010-03-18,-0.2374993251370532
2010-03-19,-0.1238863617181778
2010-03-20,-0.7554043717682362
2010-03-21,-0.41254072297703137
2010-03-22,-0.3854427471756935
2010-03-23,-0.3157195503774442
2010-03-24,-0.23813532938116364
2010-03-25,0.11429543549624774
2010-03-26,-0.18149017526403718
2010-03-27,-0.9508706331253052
2010-03-28,-0.13485949486494064
2010-03-29,-0.24598206082979837
2010-03-30,-0.11098478094715139
2010-03-31,-0.4140848936917989
2010-04-01,-0.041648763498025286
2010-04-02,-0.059417786342757135
2010-04-03,0.048383382459481566
2010-04-04,-0.2895111907273531
2010-04-05,-0.17239892376320703
2010-04-06,-0.038312456521548736
2010-04-07,-0.1501733375419127
2010-04-08,-0.13203191514248433
2010-04-09,0.15842532585648925
2010-04-10,-0.19577412803967795
2010-04-11,-0.10419130139052867
2010-04-12,-0.22111418507993222
2010-04-13,-0.1852879094935599
2010-04-14,-0.03767055351483194
2010-04-15,-0.11079956137615701
2010-04-16,-0.20292515547147819
2010-04-17,-0.4823710078683992
2010-04-18,-0.34461753567059833
2010-04-19,-0.31967246465917143
2010-04-20,-0.06078484855019131
2010-04-21,-0.301889158713703
2010-04-22,-0.18794131643759707
2010-04-23,-0.09956603497266767
2010-04-24,-0.036418004104724296
2010-04-25,-0.35862989760935304
2010-04-26,0.007636331487447023
2010-04-27,-0.27753489402433235
2010-04-28,-0.18080484934828497
2010-04-29,0.14762723252177237
2010-04-30,-0.19247660185727808
2010-05-01,-0.16104524569319828
2010-05-02,0.29078248888254166
2010-05-03,-0.025005495589640384
2010-05-04,-0.281834747987213
2010-05-05,-0.26999052259184064
2010-05-06,-0.25425392066916597
2010-05-07,-0.3764367605908774
2010-05-08,-0.1640136942553979
2010-05-09,-0.4334997069090605
2010-05-10,0.05152476103976367
2010-05-11,-0.2581975163409003
2010-05-12,-0.17901680551469326
2010-05-13,-0.04201962202787398
2010-05-14,-0.1827739088071717
2010-05-15,-0.17256008375149506
2010-05-16,0.001987367868423462
2010-05-17,-0.17345719451182767
2010-05-18,-0.2566807145445511
2010-05-19,-0.2812088730710524
2010-05-20,-0.26534031099967054
2010-05-21,-0.2907492588274181
2010-05-22,-0.43634340374006164
2010-05-23,-0.24706273674964904
2010-05-24,-0.3281785659492016
2010-05-25,-0.301433775022074
2010-05-26,0.048896935403994875
2010-05-27,-0.13381821280788808
2010-05-28,-0.15372713717321554
2010-05-29,-0.2982772598759486
2010-05-30,-0.4133389741182327
2010-05-31,-0.354545056533355
2010-06-01,-0.2846256953321005
2010-06-02,-0.2970622024782326
2010-06-03,-0.3374977478136619
2010-06-04,-0.15103430183310257
2010-06-05,-0.21339968545362353
2010-06-06,-0.2247231900691986
2010-06-07,-0.1414319112753639
2010-06-08,-0.1297556859408987
2010-06-09,-0.05445013118201289
2010-06-10,-0.32200866921440413
2010-06-11,-0.31160191211261246
2010-06-12,-0.11690321392737903
2010-06-13,-0.19851800054311752
2010-06-14,-0.18817953199700074
2010-06-15,-0.3500136125832796
2010-06-16,-0.1460603963997629
2010-06-17,-0.16399782459036663
2010-06-18,-0.30045578207658685
2010-06-19,-0.000486666957537327
2010-06-20,-0.4291697898879647
2010-06-21,-0.179307918603483
2010-06-22,-0.1632418557225416
2010-06-23,-0.3733633926705174
2010-06-24,-0.33119648336260404
2010-06-25,-0.15048397972714156
2010-06-26,-0.08976479412780868
2010-06-27,-0.2841414592482827
2010-06-28,-0.2563210851734593
2010-06-29,-0.43686189556804794
2010-06-30,-0.2294816907608148
2010-07-01,-0.3601106130518019
2010-07-02,-0.02780707836475063
2010-07-03,0.08917991710560659
2010-07-04,-0.32141930935904384
2010-07-05,-0.30170549558741705
2010-07-06,-0.17562383471121049
2010-07-07,-0.3586761293594133
2010-07-08,0.04113883249185702
2010-07-09,-0.14266992318961355
2010-07-10,-0.09909504838287829
2010-07-11,-0.24732601145903269
2010-07-12,-0.017063148319721222
2010-07-13,-0.06104837372325934
2010-07-14,-0.24432008013129233
2010-07-15,-0.09365464381873606
2010-07-16,-0.18612323219285293
2010-07-17,-0.11614050716161727
2010-07-18,-0.0785933705046773
2010-07-19,-0.19268404978972214
2010-07-20,-0.19877890545514323
2010-07-21,-0.14071179128950462
2010-07-22,-0.14433227302996735
2010-07-23,-0.16862416646822734
2010-07-24,-0.17245852681142942
2010-07-25,0.13340085744857785
2010-07-26,-0.14908077833907946
2010-07-27,-0.28526302420844635
2010-07-28,-0.16474752257076594
2010-07-29,0.09032859070145566
2010-07-30,-0.1282623072879182
2010-07-31,-0.05041446648538113
2010-08-01,-0.10280640558762984
2010-08-02,0.13737475177781147
2010-08-03,-0.0493011697239819
2010-08-04,-0.14276731100219947
2010-08-05,0.015471392141824393
2010-08-06,-0.5345567322801799
2010-08-07,-0.11959825727072627
2010-08-08,-0.35551027075520586
2010-08-09,-0.34895659132820106
2010-08-10,-0.31420272720667225
2010-08-11,-0.5843494520695122
2010-08-12,-0.4489702166650783
2010-08-13,-0.06084473299629547
2010-08-14,-0.10817042844636097
2010-08-15,-0.3526900827884674
2010-08-16,-0.4292376092635095
2010-08-17,-0.18141489864691443
2010-08-18,-0.39733342081308365
2010-08-19,-0.26956012142965424
2010-08-20,-0.23206415300567948
2010-08-21,-0.026512770189179323
2010-08-22,-0.05822312878444792
2010-08-23,-0.15936868245664396
2010-08-24,-0.32050086256294025
2010-08-25,-0.12808860167860983
2010-08-26,-0.04609400046368439
2010-08-27,0.09441241386689636
2010-08-28,-0.032712133394347295
2010-08-29,-0.1250659953802824
2010-08-30,-0.20485323481261733
2010-08-31,-0.3175277388409564
2010-09-01,-0.02586721112443642
2010-09-02,-0.13241536054937614
2010-09-03,-0.20492361164228481
2010-09-04,-0.2241783022880554
2010-09-05,-0.2493917684381207
2010-09-06,-0.22341934859752655
2010-09-07,-0.3108686463286479
2010-09-08,-0.06945438529162304
2010-09-09,-0.1416260593260328
2010-09-10,-0.2069628947370109
2010-09-11,-0.25609872800608474
2010-09-12,-0.12097240751609208
2010-09-13,-0.07642766493170158
2010-09-14,-0.07461635923633973
2010-09-15,-0.2654880159534514
2010-09-16,-0.31088611698494506
2010-09-17,0.07808413798920809
2010-09-18,-0.10685526393353939
2010-09-19,-0.2887051978281566
2010-09-20,-0.08123783795163035
2010-09-21,-0.10022376733832061
2010-09-22,-0.20251188875624426
2010-09-23,-0.5149628914147616
2010-09-24,0.16846438580089146
2010-09-25,-0.2528080128133297
2010-09-26,0.11220821489890416
2010-09-27,-0.21370560653507714
2010-09-28,-0.2952495940774679
2010-09-29,-0.3115502630049984
2010-09-30,0.0035763034678023796
2010-10-01,-0.18419544110921296
2010-10-02,0.00943681496110829
2010-10-03,0.009693532250821566
2010-10-04,-0.1994654156267643
2010-10-05,-0.08307719510048629
2010-10-06,-0.14805560673658663
2010-10-07,-0.0429826205257665
2010-10-08,-0.3122102051973343
2010-10-09,-0.14554342006643617
2010-10-10,-0.27966319769620895
2010-10-11,-0.05779737860641696
2010-10-12,-0.40769294964579433
2010-10-13,-0.1639885961288406
2010-10-14,-0.24860409434352598
2010-10-15,-0.23812661285046488
2010-10-16,-0.2888088317757303
2010-10-17,-0.5753600640843312
2010-10-18,-0.08356131467482318
2010-10-19,-0.12813853062689304
2010-10-20,-0.32742615148890764
2010-10-21,-0.348142188663284
2010-10-22,-0.10399785339832306
2010-10-23,0.06799764310320215
2010-10-24,0.13498235233128064
2010-10-25,-0.022239684086778903
2010-10-26,-0.08398942597210408
2010-10-27,-0.008107115980237722
2010-10-28,0.08181397815545396
2010-10-29,-0.06903081483235865
2010-10-30,-0.5659505743533373
2010-10-31,0.20715247177415425
2010-11-01,-0.26292585022747517
2010-11-02,-0.09406410649418832
2010-11-03,-0.3171551152347372
2010-11-04,-0.34441206732700613
2010-11-05,-0.16999721723167519
2010-11-06,-0.7443429231643677
2010-11-07,-0.06313079566155608
2010-11-08,-0.3541873985901475
2010-11-09,-0.16618011365918553
2010-11-10,-0.25386416787902516
2010-11-11,-0.1287572355940938
2010-11-12,-0.19853874321349643
2010-11-13,-0.9292296767234802
2010-11-14,-0.0482227225952289
2010-11-15,-0.14058027463033795
2010-11-16,-0.3876177627869226
2010-11-17,-0.004038204638553533
2010-11-18,-0.020530408869187024
2010-11-19,-0.28245058757337654
2010-11-20,-0.7524178822835287
2010-11-21,-0.07314410442042919
2010-11-22,-0.08818475388247392
2010-11-23,-0.2798091710234682
2010-11-24,-0.12569688633084297
2010-11-25,-0.003381611406803131
2010-11-26,-0.012106669013914866
2010-11-27,-0.6898265282313029
2010-11-28,-0.04083780292421581
2010-11-29,-0.4044303268842075
2010-11-30,-0.13319916585865227
2010-12-01,-0.11890118180409724
2010-12-02,-0.19805424114068348
2010-12-03,-0.08790176166221501
2010-12-04,-0.8506864309310913
2010-12-05,-0.3714470955041739
2010-12-06,-0.11413598664104936
2010-12-07,-0.06949488624282506
2010-12-08,-0.18374961521476507
2010-12-09,-0.2103895961686417
2010-12-10,-0.11457928905592245
2010-12-11,-0.19128411263227463
2010-12-12,-0.25720126018859446
2010-12-13,-0.21676291176117957
2010-12-14,-0.10384831551847785
2010-12-15,-0.37633226201352143
2010-12-16,-0.20141393765807153
2010-12-17,-0.24847280952547277
2010-12-19,-0.20658282199874525
2010-12-20,-0.18446590330289758
2010-12-21,-0.17344286174259402
2010-12-22,-0.28424395294860005
2010-12-23,-0.23194888987663118
2010-12-24,-0.23894847184419632
2010-12-25,0.5843507945537567
2010-12-26,-0.001022714707586528
2010-12-27,0.0014917533844709286
2010-12-28,-0.5437342648704847
2010-12-29,-0.18486535673340163
2010-12-30,-0.31770551577210426
2010-12-31,-0.2559278069862298
2011-01-01,-0.9296349883079528
2011-01-02,0.1941360321694187
2011-01-03,-0.12131918966770172
2011-01-04,0.09994019677156005
2011-01-05,-0.17858086736692536
2011-01-06,-0.41218788526952266
2011-01-07,-0.4061788817246755
2011-01-09,-0.3720462817698717
2011-01-10,-0.1987053370949897
2011-01-11,0.010428729108892941
2011-01-12,-0.006338584987867256
2011-01-13,-0.31327583976089957
2011-01-14,-0.024961130855524028
2011-01-15,0.1554884761571884
2011-01-16,-0.3726821349790463
2011-01-17,-0.07485261000692846
2011-01-18,-0.058674298492925506
2011-01-19,-0.12282773208889095
2011-01-20,-0.10418895273827593
2011-01-21,0.03165516466833652
2011-01-22,-0.014849305152893066
2011-01-23,-0.40226467822988826
2011-01-24,-0.03123036995530128
2011-01-25,-0.2838000428369817
2011-01-26,-0.21899367885833437
2011-01-27,-0.3653636733442545
2011-01-28,-0.32436600839719176
2011-01-29,-0.22465156018733975
2011-01-30,-0.17266574864716908
2011-01-31,-0.40939089907333254
2011-02-01,-0.15020718782519302
2011-02-02,-0.23432865521560112
2011-02-03,-0.017288743252200735
2011-02-04,-0.20195504506541925
2011-02-05,0.0527464114129543
2011-02-06,-0.27795001631602645
2011-02-07,-0.06753544035283003
2011-02-08,-0.2372557226696919
2011-02-09,-0.1767482221747438
2011-02-10,-0.23360732896253467
2011-02-11,-0.20447328060865402
2011-02-13,-0.14167877792247704
2011-02-14,-0.17546085171077563
2011-02-15,-0.2666150708372394
2011-02-16,-0.10073478616774084
2011-02-17,-0.13333254214376214
2011-02-18,-0.05003341831840002
2011-02-20,-0.1303999309738477
2011-02-21,-0.07440593683471282
2011-02-22,-0.3634738653070397
2011-02-23,-0.15832556758753277
2011-02-24,-0.09924205109153104
2011-02-25,-0.144666657529094
2011-02-26,-0.841471940279007
2011-02-27,-0.42569604041901504
2011-02-28,-0.14740898006636163
2011-03-01,-0.3506084908731282
2011-03-02,-0.2050764626296966
2011-03-03,-0.03225852772593499
2011-03-04,-0.3283850752255496
2011-03-05,-0.19857778151830038
2011-03-06,0.02626951737329363
2011-03-07,-0.0581544553861022
2011-03-08,-0.213075701856897
2011-03-09,-0.18749920734100872
2011-03-10,-0.35613431992090266
2011-03-11,-0.2498536996750368
2011-03-13,-0.08336897939443587
2011-03-14,-0.38810960659757254
2011-03-15,-0.24474082180919746
2011-03-16,-0.27560608135536313
2011-03-17,-0.09147146977484226
2011-03-18,-0.015878455615357345
2011-03-20,-0.20267823418336256
2011-03-21,0.019781903323271996
2011-03-22,-0.02006331261466532
2011-03-23,-0.21797367327270054
2011-03-24,-0.3431351740251888
2011-03-25,0.010330831462686723
2011-03-27,-0.4592286858421106
2011-03-28,0.06983351594080094
2011-03-29,-0.21185796424746514
2011-03-30,-0.057486078617247686
2011-03-31,-0.22218658857875404
2011-04-01,0.1800486829809167
2011-04-02,-0.35991571843624115
2011-04-03,0.10737864524126053
2011-04-04,-0.006829520687460889
2011-04-05,-0.20636085988510222
2011-04-06,-0.23979856384297213
2011-04-07,-0.2988086730680045
2011-04-08,0.26688705186049144
2011-04-09,0.020216821879148503
2011-04-10,-0.32621115765401304
2011-04-11,-0.2541946174488181
2011-04-12,-0.37878711278048843
2011-04-13,-0.23309329940149418
2011-04-14,-0.2617028965256535
2011-04-15,0.1396738008729049
2011-04-16,-0.3888785135414865
2011-04-17,-0.4170397184789181
2011-04-18,-0.1846932245901337
2011-04-19,-0.1489882379770279
2011-04-20,0.03560346275891944
2011-04-21,-0.18754391727799719
2011-04-22,-0.38585667312145233
2011-04-23,-0.36311685832010376
2011-04-24,0.08954578489065167
2011-04-25,-0.4925215548525254
2011-04-26,0.12122499179982003
2011-04-27,-0.13128396746469662
2011-04-28,-0.137396237772444
2011-04-29,-0.16074560023844242
2011-04-30,-0.1814533977044953
2011-05-01,-0.1874914339610509
2011-05-02,0.26591795931259793
2011-05-03,-0.24363586120307446
2011-05-04,-0.2077082134783268
2011-05-05,-0.2861113773865832
2011-05-06,-0.411583056896925
2011-05-07,-0.23536682315170765
2011-05-08,-0.458166828751564
2011-05-09,-0.25132037340490904
2011-05-10,-0.13929480127990246
2011-05-11,-0.36928851529955864
2011-05-12,-0.3729870393872261
2011-05-13,2.2116815671345547e-05
2011-05-14,0.20871995249763126
2011-05-15,-0.4420695435255766
2011-05-16,-0.011122330375339684
2011-05-17,-0.24608015468151406
2011-05-18,-0.23777138579774787
2011-05-19,-0.0010475322071995014
2011-05-20,-0.2716367709286073
2011-05-21,-0.13433030454648867
2011-05-22,-0.03860262781381605
2011-05-23,-0.43817512869187025
2011-05-24,-0.17213660041586712
2011-05-25,-0.2628842439645758
2011-05-26,-0.07392539812818819
2011-05-27,0.10628172702022962
2011-05-28,0.03176242592079299
2011-05-29,-0.43734121819337207
2011-05-30,-0.42779960855841637
2011-05-31,0.004137296761785235
2011-06-01,-0.2426863487132571
2011-06-02,-0.075250049456954
2011-06-03,-0.38707507198507135
2011-06-04,-0.15973022072152662
2011-06-05,-0.24155546724796295
2011-06-06,-0.2914525734053718
2011-06-07,-0.20432786278426648
2011-06-08,-0.3921044750679885
2011-06-09,-0.24732256866991517
2011-06-10,-0.3197473051320565
2011-06-11,-0.3076270865276456
2011-06-12,-0.5568253874778748
2011-06-13,-0.19771038802961508
2011-06-14,-0.350725249226751
2011-06-15,-0.29931514573593937
2011-06-16,-0.36039853737586075
2011-06-17,-0.29608086915686727
2011-06-18,-0.2347853278948201
2011-06-19,0.7052171230316162
2011-06-20,-0.3450817009061575
2011-06-21,0.004100264531785055
2011-06-22,0.07961285266059417
2011-06-23,-0.29880523433287937
2011-06-24,-0.24072786550968886
2011-06-25,-0.060921267792582515
2011-06-26,-0.027375852689146996
2011-06-27,-0.2947114177334767
2011-06-28,-0.17846552358241752
2011-06-29,-0.16722003377175756
2011-06-30,-0.04949909863212417
2011-07-01,-0.18544169055188403
2011-07-02,-0.2357600901275873
2011-07-03,0.0377982025966048
2011-07-04,-0.20636087656021118
2011-07-05,-0.257701670920307
2011-07-06,-0.28678274356449646
2011-07-07,-0.2995215849104253
2011-07-08,-0.36666037299131093
2011-07-09,-0.4020763219644626
2011-07-10,-0.21480768440025194
2011-07-11,-0.06528389766812326
2011-07-12,-0.23551635379376618
2011-07-13,-0.132553130881313
2011-07-14,-0.1969311146438122
2011-07-15,-0.5104266115952105
2011-07-16,-0.5332353285380772
2011-07-17,-0.3321057688444852
2011-07-18,-0.5085383671380225
2011-07-19,-0.19868826762669617
2011-07-20,-0.03730380988639336
2011-07-21,-0.20379179501189634
2011-07-22,0.016596413986838383
2011-07-23,-0.3471460124211652
2011-07-24,-0.2792032392961638
2011-07-25,-0.14735559400703227
2011-07-26,-0.36010874794988795
2011-07-27,-0.42034854850283376
2011-07-28,-0.3156306137545751
2011-07-29,-0.5115492435341532
2011-07-30,-0.1702905312180519
2011-07-31,-0.18767476982126638
2011-08-01,-0.2457104794537792
2011-08-02,-0.5245756609365344
2011-08-03,-0.13317512907087803
2011-08-04,-0.43656843412539054
2011-08-05,-0.5301569493487477
2011-08-06,-0.1682960699711527
2011-08-07,-0.33814171608537436
2011-08-08,-0.1134639706994806
2011-08-09,-0.25823149295604747
2011-08-10,-0.31621832618939466
2011-08-11,-0.21298552871766416
2011-08-12,-0.26628855196759105
2011-08-13,-0.34955937415361404
2011-08-14,-0.23800634145736693
2011-08-15,-0.07996242865920067
2011-08-16,-0.17477118240838702
2011-08-17,-0.21153485821560025
2011-08-18,-0.4021606096268996
2011-08-19,-0.11496440387730086
2011-08-20,-0.19046329955259958
2011-08-21,-0.2295579139143229
2011-08-22,-0.42707938017944497
2011-08-23,-0.37816281829561504
2011-08-24,-0.33498736936599016
2011-08-25,-0.16864900518622664
2011-08-26,-0.4452006003031364
2011-08-27,-0.16679245419800282
2011-08-28,-0.6371216773986816
2011-08-29,-0.5399825684726238
2011-08-30,-0.2239557521319703
2011-08-31,-0.08657927780101697
2011-09-01,-0.2561025239357894
2011-09-02,-0.3969987227636225
2011-09-03,-0.2496541887521744
2011-09-04,-0.37794651587804157
2011-09-05,-0.36157432179898025
2011-09-06,-0.09681211846570174
2011-09-07,-0.08368768664481846
2011-09-08,-0.22087318855135332
2011-09-09,-0.15738833499582192
2011-09-10,-0.15119461715221405
2011-09-11,0.09796074860625795
2011-09-12,-0.060416179709136486
2011-09-13,-0.02259975399535436
2011-09-14,-0.14025461282581092
2011-09-15,-0.1326790692905585
2011-09-16,-0.14363786559551955
2011-09-17,-0.15477466993033887
2011-09-18,-0.525062199216336
2011-09-19,-0.3265253565318528
2011-09-20,-0.38158641235592466
2011-09-21,-0.254310662685721
2011-09-22,-0.20478536599480054
2011-09-23,-0.3851985689252615
2011-09-24,-0.29157673647361143
2011-09-25,-0.17600673576816916
2011-09-26,0.011574455847342811
2011-09-27,-0.08483769529714034
2011-09-28,-0.2121666075492447
2011-09-29,-0.24549347136555047
2011-09-30,-0.21568946503102784
2011-10-01,-0.005437366664409651
2011-10-02,-0.3305538115091622
2011-10-03,-0.15958461755265793
2011-10-04,-0.2772721330924281
2011-10-05,-0.3380423129118722
2011-10-06,-0.1470904808604356
2011-10-07,-0.4527211484081786
2011-10-08,-0.1724508432671428
2011-10-09,0.29981813207268715
2011-10-10,-0.10041253346328934
2011-10-11,-0.2593573730438948
2011-10-12,-0.4348727251247813
2011-10-13,-0.15395020246505736
2011-10-14,-0.01457847792067027
2011-10-15,-0.3009789813883029
2011-10-16,-0.2365120549996694
2011-10-17,-0.07559033514310914
2011-10-18,-0.29207912597643293
2011-10-19,0.00039039595195881156
2011-10-20,-0.1708203264999957
2011-10-21,0.06373638287186623
2011-10-22,0.06072016013786197
2011-10-23,-0.26022564416581934
2011-10-24,-0.13218054971234364
2011-10-25,-0.20531091041862964
2011-10-26,-0.19959761574864388
2011-10-27,-0.09047376463080152
2011-10-28,-0.10766316635104325
2011-10-29,-0.08177078068256378
2011-10-30,-0.23461357918050554
2011-10-31,-0.3514526592146966
2011-11-01,-0.14903355004886787
2011-11-02,-0.053648507365813614
2011-11-03,-0.12635349307674915
2011-11-04,-0.30801596372787443
2011-11-05,-0.784022331237793
2011-11-06,-0.16500574433141288
2011-11-07,-0.2609379260163558
2011-11-08,-0.07528493305047351
2011-11-09,-0.30150085128843784
2011-11-10,-0.3017432441099964
2011-11-11,-0.11910671675982683
2011-11-12,-0.9058200716972351
2011-11-13,-0.16632598781814942
2011-11-14,-0.1640653429483926
2011-11-15,-0.36166397016495466
2011-11-16,-0.38197807415078083
2011-11-17,-0.3490922566227339
2011-11-18,-0.6279476916088778
2011-11-20,-0.04087153548995653
2011-11-21,-0.2980597767492999
2011-11-22,-0.2987961149915601
2011-11-23,-0.16025739832019265
2011-11-24,-0.16754481851778652
2011-11-25,-0.18882245408452075
2011-11-26,0.5537530183792114
2011-11-27,-0.19075664742426438
2011-11-28,-0.4001412658020854
2011-11-29,-0.12913387981445892
2011-11-30,-0.07007261378497914
2011-12-01,-0.04852133362808011
2011-12-02,-0.22016792123516402
2011-12-03,0.030528647204240172
2011-12-04,-0.14168178154663608
2011-12-05,0.06032159942246619
2011-12-06,-0.3838722430324803
2011-12-07,-0.14377598837018013
2011-12-08,-0.20631159713061956
2011-12-09,-0.13348552219017787
2011-12-10,-0.361188714702924
2011-12-11,-0.29896743022478545
2011-12-12,-0.4030423640947917
2011-12-13,-0.4087275897152722
2011-12-14,-0.37742177114955017
2011-12-15,-0.28290442439417046
2011-12-16,-0.28526929495009506
2011-12-17,-0.2290961891412735
2011-12-18,-0.05565697960555556
2011-12-19,-0.532581771559575
2011-12-20,-0.02621523344091009
2011-12-21,-0.2219511777428644
2011-12-22,-0.1554262096829274
2011-12-23,0.001456998288631452
2011-12-24,-0.254332572221756
2011-12-25,-0.12823661952279505
2011-12-26,0.09653468914330006
2011-12-27,-0.13354070174197355
2011-12-28,-0.039533244875761195
2011-12-29,-0.2449850033968687
2011-12-30,-0.4589983820915222
2011-12-31,-0.275102274492383
2012-01-01,-0.3819579736640055
2012-01-02,-0.3690150808542967
2012-01-03,-0.27736169965937735
2012-01-04,-0.32312122397124765
2012-01-05,-0.2723860200494528
2012-01-06,-0.3186919390379141
2012-01-07,-0.5931879381338755
2012-01-08,-0.3276649422477931
2012-01-09,-0.16899008265075585
2012-01-10,-0.1466298735079666
2012-01-11,-0.34060572194201605
2012-01-12,-0.36503231098564964
2012-01-13,-0.37266926573855536
2012-01-14,-0.5767615909377733
2012-01-15,-0.2548798216240747
2012-01-16,-0.05623042503637927
2012-01-17,-0.28215761287581353
2012-01-18,-0.2617822933631639
2012-01-19,-0.1763449568035347
2012-01-20,-0.0997258529421829
2012-01-21,-0.6691939830780029
2012-01-22,-0.4710147515870631
2012-01-23,-0.1597751680140694
2012-01-24,-0.15044716572655098
2012-01-25,-0.22547542076790705
2012-01-26,-0.10630754819687675
2012-01-27,-0.3577931292217087
2012-01-28,-0.4837452322244644
2012-01-29,-0.27262038635936653
2012-01-30,-0.1727157225832343
2012-01-31,-0.31316235463600606
2012-02-01,-0.19531196388213531
2012-02-02,0.08182527249058086
2012-02-03,-0.19102603321274123
2012-02-04,-0.21840536097685495
2012-02-05,-0.07591417194767432
2012-02-06,-0.3272370742190452
2012-02-07,-0.27473540175706146
2012-02-08,-0.14987496584653853
2012-02-09,-0.26042671892791985
2012-02-10,-0.4908551006861355
2012-02-12,0.05858160275965927
2012-02-13,-0.12898877394549987
2012-02-14,-0.28637792604664963
2012-02-15,-0.19482601657509804
2012-02-16,-0.351890954987279
2012-02-17,-0.06194037059321998
2012-02-18,0.25268801550070447
2012-02-19,-0.0028072681277990404
2012-02-20,-0.09436293411999941
2012-02-21,-0.2074530582342829
2012-02-22,-0.19526711986823517
2012-02-23,-0.08693275889381767
2012-02-24,-0.348901063119146
2012-02-26,0.13447255517045656
2012-02-27,-0.250220282189548
2012-02-28,-0.24510792211036792
2012-02-29,-0.11718512829393149
2012-03-01,0.1357395273561661
2012-03-02,-0.012841173173750157
2012-03-03,-0.4455745685845613
2012-03-04,-0.19687305204570293
2012-03-05,-0.10157226849543419
2012-03-06,-0.21748032406545603
2012-03-07,0.046091710320777364
2012-03-08,-0.04362107326204962
2012-03-09,-0.13850584660064091
2012-03-11,-0.33429956684509915
2012-03-12,0.016224838094785796
2012-03-13,-0.08798345284802574
2012-03-14,-0.39379430902672224
2012-03-15,-0.4360604755580425
2012-03-16,0.25723968048890433
2012-03-17,-0.6771767735481262
2012-03-18,-0.06053696267984132
2012-03-19,-0.31359139076717524
2012-03-20,-0.15082288738340138
2012-03-21,-0.07198755017348699
2012-03-22,-0.3342856793054219
2012-03-23,0.009124175919329403
2012-03-25,0.07557301802767645
2012-03-26,-0.11643864827997544
2012-03-27,0.046251465073403185
2012-03-28,-0.41252882982648553
2012-03-29,-0.3358505466686828
2012-03-30,0.1603693622164428
2012-03-31,-0.03984894305467604
2012-04-01,-0.3512595295906067
2012-04-02,-0.31407173516021836
2012-04-03,0.08871103920752095
2012-04-04,-0.25368989037261125
2012-04-05,-0.2743862055242062
2012-04-06,-0.347759330814535
2012-04-07,-0.025812789265598574
2012-04-08,-0.16101936685542265
2012-04-09,-0.09417053926736116
2012-04-10,-0.06380478595383464
2012-04-11,-0.3237054763505092
2012-04-12,-0.18429612018167973
2012-04-13,-0.08804023036589989
2012-04-14,-0.43844374859084684
2012-04-15,-0.059803595766425105
2012-04-16,0.029531425796449184
2012-04-17,-0.20391020230948925
2012-04-18,-0.3237947484567052
2012-04-19,-0.1500394740387013
2012-04-20,-0.10276685454524478
2012-04-21,-0.3218407755096753
2012-04-22,-0.2088485895656049
2012-04-23,-0.33437752743300636
2012-04-24,-0.07192647971567652
2012-04-25,-0.4635005092078989
2012-04-26,-0.2915928519020478
2012-04-27,-0.17519214509853295
2012-04-28,-0.34753845321635407
2012-04-29,-0.31101892814040183
2012-04-30,-0.19428952453801265
2012-05-01,-0.21934109024311366
2012-05-02,-0.25315989912129366
2012-05-03,-0.3339891785188862
2012-05-04,-0.42149533368647096
2012-05-05,-0.24930167794227595
2012-05-06,-0.18454437756112643
2012-05-07,-0.215122495777905
2012-05-08,-0.2700206202111746
2012-05-09,-0.05231848731637001
2012-05-10,-0.01942944047706468
2012-05-11,-0.5107348078959867
2012-05-12,-0.09218209023986544
2012-05-13,-0.09926792569458484
2012-05-14,-0.5474204680039769
2012-05-15,-0.2571042647792233
2012-05-16,-0.4808143462985754
2012-05-17,-0.3335246504843235
2012-05-18,-0.35330956145411446
2012-05-19,-0.14921295940876006
2012-05-20,-0.09597809799015522
2012-05-21,-0.39140191229267257
2012-05-22,-0.21968878844442466
2012-05-23,-0.38223152215881595
2012-05-24,0.09847901153721306
2012-05-25,-0.1227618930861354
2012-05-26,0.00711250156164166
2012-05-27,0.26653466480118887
2012-05-28,-0.13790040556341412
2012-05-29,-0.08186644793528576
2012-05-30,-0.3621614177782948
2012-05-31,-0.2153287720090399
2012-06-01,-0.3050586406003546
2012-06-02,-0.11265066691807338
2012-06-03,-0.013898381165095739
2012-06-04,-0.4186119900809394
2012-06-05,-0.09097728785127403
2012-06-06,0.1451823933138734
2012-06-07,-0.2344821558262293
2012-06-08,-0.3102907200654348
2012-06-09,0.05483413189649583
2012-06-10,-0.04935894782344504
2012-06-11,-0.33806124985541985
2012-06-12,-0.36272863611917605
2012-06-13,-0.19834060734137893
2012-06-14,-0.3744460550757746
2012-06-15,-0.0407081294156935
2012-06-16,-0.30056669500966865
2012-06-17,-0.3854662269353867
2012-06-18,-0.23468333017081022
2012-06-19,-0.011724093239064582
2012-06-20,-0.09952779087637154
2012-06-21,-0.30355013195763936
2012-06-22,-0.23763959240168334
2012-06-23,-0.19817750399502423
2012-06-24,-0.21492677980235644
2012-06-25,-0.21972877629425214
2012-06-26,-0.24676836834599575
2012-06-27,-0.10001258002594113
2012-06-28,-0.3916438203305006
2012-06-29,-0.1384811380337323
2012-06-30,-0.23835142999887465
2012-07-01,-0.2857265328988433
2012-07-02,-0.02188184577971697
2012-07-03,-0.3803324594369365
2012-07-04,-0.2749282215391436
2012-07-05,-0.06366727479661885
2012-07-06,-0.4020835549423569
2012-07-07,0.05391669813543556
2012-07-08,-0.07491758465766908
2012-07-09,-0.2750308687488238
2012-07-10,-0.3518054747255519
2012-07-11,-0.2333820058371533
2012-07-12,-0.2740132849859564
2012-07-13,-0.22790098587671917
2012-07-14,-0.2947783811638752
2012-07-15,0.16534428000450133
2012-07-16,-0.3566432719429334
2012-07-17,-0.44353730633854865
2012-07-18,-0.27611595822068363
2012-07-19,-0.4089776620268822
2012-07-20,-0.5177225317609938
2012-07-21,-0.3343871358782053
2012-07-22,-0.5132719337940216
2012-07-23,-0.2401028209262424
2012-07-24,-0.1793801122903824
2012-07-25,-0.2643781690584386
2012-07-26,-0.296384953117619
2012-07-27,-0.43865645019447097
2012-07-28,0.016529124762330753
2012-07-29,-0.5977752109368643
2012-07-30,-0.2836028372770862
2012-07-31,-0.23650475866768672
2012-08-01,-0.018189140688627953
2012-08-02,-0.34358914264223794
2012-08-03,-0.2078129230067134
2012-08-04,-0.032216280698776245
2012-08-05,0.2695208778604865
2012-08-06,-0.23174342995180802
2012-08-07,-0.09970606961532642
2012-08-08,-0.2517060170260568
2012-08-09,0.05775147353609403
2012-08-10,-0.12578716429157388
2012-08-11,-0.3294554553925991
2012-08-12,-0.3088654696941376
2012-08-13,-0.385464756982401
2012-08-14,-0.251238274284535
2012-08-15,-0.4432483898769868
2012-08-16,-0.13481497019529343
2012-08-17,-0.06791102430886692
2012-08-18,-0.21869598887860775
2012-08-19,-0.4125818187991777
2012-08-20,-0.05429534585430072
2012-08-21,-0.37811961345788503
2012-08-22,-0.2281051678955555
2012-08-23,-0.12407956207171082
2012-08-24,-0.37736274846471274
2012-08-25,0.07357496555362429
2012-08-26,-0.309522257372737
2012-08-27,-0.022053630756480334
2012-08-28,-0.321307470474173
2012-08-29,-0.1397523365628261
2012-08-30,-0.18229001173749565
2012-08-31,-0.07940332894213499
2012-09-01,0.10343125388026238
2012-09-02,-0.21091646576921144
2012-09-03,-0.18607507312768387
2012-09-04,-0.31239576761921245
2012-09-05,-0.008552462739102994
2012-09-06,0.08157838987452641
2012-09-07,0.26901700161397457
2012-09-08,-0.24837623784939453
2012-09-09,-0.48996660610040027
2012-09-10,-0.3455315339133928
2012-09-11,-0.4235137609595602
2012-09-12,-0.37083691749721764
2012-09-13,-0.341266470577787
2012-09-14,-0.1925022297849258
2012-09-15,-0.12723506667784282
2012-09-16,-0.24076366424560547
2012-09-17,-0.5030815042555332
2012-09-18,-0.46597367838809367
2012-09-19,0.09035445919091051
2012-09-20,-0.1815212114403645
2012-09-21,-0.34657841473817824
2012-09-22,-0.36952524818480015
2012-09-23,-0.09343385994434356
2012-09-24,-0.1261274211315645
2012-09-25,-0.18618939749219202
2012-09-26,-0.4468131141944064
2012-09-27,-0.04671919376899799
2012-09-28,-0.3552452214062214
2012-09-29,-0.13434730904797712
2012-09-30,-0.2592509910464287
2012-10-01,-0.22877772690521347
2012-10-02,-0.23489909288896757
2012-10-03,-0.485903922174322
2012-10-04,-0.11368608723084132
2012-10-05,-0.5243121219178041
2012-10-06,-0.15424277819693089
2012-10-07,-0.5868015786012014
2012-10-08,-0.4040993793557088
2012-10-09,-0.1860109949040981
2012-10-10,-0.06264370307326318
2012-10-11,-0.20929611781064203
2012-10-12,-0.41401385444970357
2012-10-13,-0.08017196506261826
2012-10-14,0.16802790760993958
2012-10-15,-0.11667399980912083
2012-10-16,-0.4190374901028056
2012-10-17,-0.19152344827508105
2012-10-18,-0.19762273606223366
2012-10-19,-0.2560754081234336
2012-10-20,-0.014444328844547272
2012-10-21,-0.4041048362851143
2012-10-22,-0.12120125052474794
2012-10-23,-0.07599668538099841
2012-10-24,-0.24289116698006788
2012-10-25,-0.17948422493303523
2012-10-26,-0.19753083916888994
2012-10-27,-0.25703605104769983
2012-10-28,-0.6093694505592188
2012-10-29,-0.3897851325571537
2012-10-30,-0.3042425274848938
2012-10-31,-0.22721785335586622
2012-11-01,-0.28129360333085063
2012-11-02,-0.16669777780771255
2012-11-04,-0.014895136933773737
2012-11-05,-0.3925793660075768
2012-11-06,-0.08808830589987338
2012-11-07,-0.16999101958104543
2012-11-08,-0.4326997872280038
2012-11-09,-0.14463916447545802
2012-11-10,-0.0274927439168095
2012-11-11,-0.04138767380606045
2012-11-12,-0.20256802819979688
2012-11-13,-0.2673097796866606
2012-11-14,-0.3786927679553628
2012-11-15,-0.3998586253627487
2012-11-16,-0.29468352220168237
2012-11-17,-0.7360230684280396
2012-11-18,-0.04477269970811906
2012-11-19,-0.21996109530329705
2012-11-20,-0.3620754077564925
2012-11-21,-0.3396892204570274
2012-11-22,-0.27815052387969835
2012-11-23,-0.22859533166047186
2012-11-24,-0.9399445056915282
2012-11-25,-0.1422358482248253
2012-11-26,-0.3098203670233488
2012-11-27,-0.030431917972034882
2012-11-28,-0.5338948503709756
2012-11-29,-0.04021136672236029
2012-11-30,-0.33459599722515454
2012-12-02,-0.41337731033563613
2012-12-03,-0.20810905750840902
2012-12-04,-0.126714086253196
2012-12-05,-0.2601929600957943
2012-12-06,-0.11889605588563112
2012-12-07,-0.2565259076654911
2012-12-08,-0.47854795120656485
2012-12-09,-0.231785087287426
2012-12-10,-0.24345064566781124
2012-12-11,-0.23914648101411082
2012-12-12,0.09401961941538113
2012-12-13,-0.3350012275789465
2012-12-14,-0.40774681520732964
2012-12-15,-0.4607037380337715
2012-12-16,-0.1858210518128342
2012-12-17,-0.39760404496508484
2012-12-18,-0.03802775964140891
2012-12-19,-0.24808500914110077
2012-12-20,-0.4110951078434785
2012-12-21,-0.29034273561678436
2012-12-22,-0.1308359503746032
2012-12-23,-0.12592578998633794
2012-12-24,-0.11259594932198524
2012-12-25,0.3663468137383461
2012-12-26,0.05611300716797508
2012-12-27,-0.37814159989356994
2012-12-28,0.055984916165471056
2012-12-29,0.2034596353769302
2012-12-30,-0.07182577252388002
2012-12-31,-0.34772758148610594
2013-01-01,-0.3279638985792796
2013-01-02,-0.0720122284255922
2013-01-03,0.10110195254286129
2013-01-04,-0.02557671708720071
2013-01-05,0.2501121759414673
2013-01-06,-0.09331011194735765
2013-01-07,0.1911599712775034
2013-01-08,-0.31508700642734766
2013-01-09,-0.3000373044296315
2013-01-10,-0.1063188382734855
2013-01-11,-0.392524936546882
2013-01-12,-0.5822845101356506
2013-01-13,-0.09153635613620284
2013-01-14,-0.3352148900074619
2013-01-15,-0.3947136908331338
2013-01-16,-0.3795868188983971
2013-01-17,0.3978415278806573
2013-01-18,-0.14186696914073668
2013-01-19,-0.9053987860679626
2013-01-20,-0.2249076428512732
2013-01-21,-0.38906629716879443
2013-01-22,-0.21782811940647662
2013-01-23,-0.3401571332436541
2013-01-24,0.014672320336103434
2013-01-25,-0.31386511350193846
2013-01-26,-0.8984581828117371
2013-01-27,-0.26991189872989285
2013-01-28,-0.4591142763807015
2013-01-29,-0.10768998312679204
2013-01-30,-0.3901930626619745
2013-01-31,-0.23017229963290065
2013-02-01,-0.2509717049175187
2013-02-02,-0.5274228453636169
2013-02-03,-0.024297004299504408
2013-02-04,-0.29443413513186184
2013-02-05,0.010360335633158692
2013-02-06,-0.2544645348874231
2013-02-07,-0.21361111671748487
2013-02-08,-0.229473314462946
2013-02-09,-0.17809407711029052
2013-02-10,-0.11886273738410738
2013-02-11,-0.2393918021892508
2013-02-12,-0.14935861231276282
2013-02-13,-0.11620085977989694
2013-02-14,-0.35865564013902956
2013-02-15,-0.26772934347391125
2013-02-16,0.2033892404288053
2013-02-17,-0.19972970046930846
2013-02-18,-0.08596144420535941
2013-02-19,-0.26217300486233497
2013-02-20,-0.4207706381990151
2013-02-21,-0.2717672008040704
2013-02-22,-0.2801930750720203
2013-02-23,-0.8704066872596741
2013-02-24,-0.3238719512115825
2013-02-25,-0.20672898958711064
2013-02-26,-0.4037364424161968
2013-02-27,-0.1777203366484331
2013-02-28,-0.3348537298258055
2013-03-01,-0.270093591324985
2013-03-03,-0.13404711931943894
2013-03-04,-0.1116733800031637
2013-03-05,-0.07575356570305304
2013-03-06,-0.01887559435433812
2013-03-07,-0.38522988776950273
2013-03-08,-0.18857992812991142
2013-03-09,-0.8643627166748047
2013-03-10,0.019508539931848604
2013-03-11,-0.19343290497597895
2013-03-12,-0.17773040824315764
2013-03-13,-0.15267014925025013
2013-03-14,0.20752223804593087
2013-03-15,-0.20237995506752104
2013-03-17,-0.09272919843594234
2013-03-18,-0.10327272324098481
2013-03-19,-0.2340146405622363
2013-03-20,0.010070388120683749
2013-03-21,-0.42930953908297753
2013-03-22,-0.28097170814871786
2013-03-23,0.4428523182868957
2013-03-24,0.08622754737734793
2013-03-25,-0.19804978355765346
2013-03-26,-0.36070910424870606
2013-03-27,-0.3638829203403514
2013-03-28,-0.23658949077913635
2013-03-29,-0.06519189307635481
2013-03-31,-0.4379638391546905
2013-04-01,-0.38475688081234694
2013-04-02,-0.030430256772567256
2013-04-03,-0.2594201513566077
2013-04-04,-0.09786816919222473
2013-04-05,-0.12290500460023232
2013-04-06,-0.39221327914856374
2013-04-07,0.2027499452233314
2013-04-08,-0.07364699413830583
2013-04-09,-0.21063304594472834
2013-04-10,-0.3213122627801365
2013-04-11,-0.5371602004503503
2013-04-12,-0.3112016109128793
2013-04-13,-0.2807645265545164
2013-04-14,-0.33069194555282594
2013-04-15,-0.330795082449913
2013-04-16,-0.3321186317638917
2013-04-17,-0.283499587581239
2013-04-18,-0.22599287405610086
2013-04-19,-0.24975824099965394
2013-04-20,-0.4417098671197891
2013-04-21,-0.2618024796247482
2013-04-22,-0.3232158749597147
2013-04-23,-0.09883645585236642
2013-04-24,-0.09284870652481914
2013-04-25,-0.25605978768156923
2013-04-26,-0.18120257907054005
2013-04-27,-0.17027309102316698
2013-04-28,0.00280240550637242
2013-04-29,-0.1984541688276374
2013-04-30,-0.3235582177611914
2013-05-01,-0.272100126459485
2013-05-02,-0.2807974781220158
2013-05-03,-0.07283771286408106
2013-05-04,-0.04533491869057928
2013-05-05,-0.057694454987843834
2013-05-06,-0.3760226395513331
2013-05-07,-0.060564068722583
2013-05-08,-0.1453644192832358
2013-05-09,-0.07964783906936646
2013-05-10,-0.08912720703161682
2013-05-11,0.17686187718063592
2013-05-12,-0.13643078645691276
2013-05-13,0.024575895427361782
2013-05-14,-0.29730735340252007
2013-05-15,-0.16227646034072946
2013-05-16,-0.06433891308390433
2013-05-17,0.03220895605368748
2013-05-18,0.28831613808870316
2013-05-19,-0.34311138245869766
2013-05-20,-0.19948818676528476
2013-05-21,-0.29168608964041426
2013-05-22,-0.08732321280343779
2013-05-23,-0.4784385853193023
2013-05-24,-0.7405082720464894
2013-05-25,-0.41858653277158736
2013-05-26,0.024958339333534224
2013-05-27,-0.0064722907263785635
2013-05-28,-0.18406922112290675
2013-05-29,-0.1001957622356713
2013-05-30,-0.21469842961856297
2013-05-31,-0.22399372312550747
2013-06-01,0.10726088533798854
2013-06-02,-0.19784686118364334
2013-06-03,-0.26148724887106156
2013-06-04,-0.2076451873779297
2013-06-05,-0.31993336810802037
2013-06-06,-0.3126669570641673
2013-06-07,-0.12954917719418352
2013-06-08,-0.6375167027115822
2013-06-09,0.05280061392113565
2013-06-10,-0.23044005813805954
2013-06-11,-0.006291653774678725
2013-06-12,-0.12196374581805591
2013-06-13,-0.38357046246528625
2013-06-14,-0.3326669446028331
2013-06-15,-0.18984234829743704
2013-06-16,0.056561693549156175
2013-06-17,0.07914790271648339
2013-06-18,-0.30207413248717785
2013-06-19,-0.1058028770180849
2013-06-20,-0.4272883812395426
2013-06-21,-0.20038748035828272
2013-06-22,-0.28013317566365004
2013-06-23,0.07095588309069473
2013-06-24,-0.3192560153410715
2013-06-25,-0.3305260518565774
2013-06-26,-0.12098042309284208
2013-06-27,-0.2586088962852955
2013-06-28,-0.24593309106098282
2013-06-29,0.09134161472320554
2013-06-30,-0.2389751523733139
2013-07-01,-0.073905151071293
2013-07-02,-0.08902942583980886
2013-07-03,-0.22750092297792435
2013-07-04,-0.037032407335937025
2013-07-05,-0.18983275865515073
2013-07-06,-0.47421992570161814
2013-07-07,-0.005194501330455186
2013-07-08,0.07376821690167372
2013-07-09,-0.24092386343649455
2013-07-10,0.011309853705920678
2013-07-11,-0.023347455180353593
2013-07-12,-0.20247390972716467
2013-07-13,-0.1155700832605362
2013-07-14,-0.23156972345896065
2013-07-15,-0.039967483282089225
2013-07-16,-0.47568517059087756
2013-07-17,-0.45627358662230627
2013-07-18,0.06914003742368596
2013-07-19,-0.29708317075582114
2013-07-20,-0.25645662205559866
2013-07-21,-0.21402719084705626
2013-07-22,-0.3708871837912334
2013-07-23,-0.022847304374656905
2013-07-24,-0.10584605960496539
2013-07-25,-0.09940372686833145
2013-07-26,-0.01265352462919861
2013-07-27,-0.4923645164817571
2013-07-28,-0.18522241413593293
2013-07-29,-0.058082929366956575
2013-07-30,0.14515302006743455
2013-07-31,0.017028376087546336
2013-08-01,-0.0993294196203351
2013-08-02,0.006653730120313783
2013-08-03,-0.0652770578861237
2013-08-04,0.03512730076909063
2013-08-05,-0.1644107627371947
2013-08-06,0.1339028835710552
2013-08-07,-0.07808931512029274
2013-08-08,-0.1687725940719247
2013-08-09,-0.24977156384424729
2013-08-11,-0.05240396699971623
2013-08-12,0.018443313173272382
2013-08-13,-0.22901531391673619
2013-08-14,-0.21439112298604515
2013-08-15,-0.08574595395475626
2013-08-16,0.13540221005678174
2013-08-17,-0.0984505787491799
2013-08-18,0.28936270012387205
2013-08-19,0.19520536189277968
2013-08-20,-0.36363666085526347
2013-08-21,-0.029680605977773684
2013-08-22,-0.13045937046408654
2013-08-23,-0.15306877461262047
2013-08-24,0.04120569601655007
2013-08-25,-0.11302182202537854
2013-08-26,-0.3242208941115273
2013-08-27,-0.4176331501221284
2013-08-28,-0.24432329460978508
2013-08-29,-0.16904452852904797
2013-08-30,-0.29588792597254115
2013-08-31,0.06513931788504122
2013-09-01,-0.16003044446309408
2013-09-02,0.20940611641854048
2013-09-03,-0.01169649238387743
2013-09-04,-0.09023920024434726
2013-09-05,-0.020262050683851604
2013-09-06,-0.11833630502223967
2013-09-07,0.04531661766980374
2013-09-08,-0.08238339713878103
2013-09-09,-0.24647900411351162
2013-09-10,-0.0417442529533918
2013-09-11,-0.06750417195937851
2013-09-12,-0.19666270352900028
2013-09-13,-0.16908594658193382
2013-09-14,-0.03096612356603147
2013-09-15,-0.4346965104341507
2013-09-16,-0.056988938748836517
2013-09-17,-0.18209225785297653
2013-09-18,0.034348740863303355
2013-09-19,-0.16355493251720202
2013-09-20,-0.23283419908866995
2013-09-21,0.16561641879379752
2013-09-22,-0.35309452936053276
2013-09-23,-0.31338086924873865
2013-09-24,-0.27170178201049566
2013-09-25,-0.1618733372361887
2013-09-26,-0.3998423065280631
2013-09-27,-0.08686077813891806
2013-09-28,-0.023183748126029968
2013-09-29,0.013589702546596541
2013-09-30,0.04141954456766445
2013-10-01,-0.15561563512753873
2013-10-02,-0.24933863285443056
2013-10-03,0.08857490176645416
2013-10-04,-0.3175998809082167
2013-10-05,-0.18940273175636926
2013-10-06,-0.14845750257372856
2013-10-07,-0.2071547211251325
2013-10-08,-0.3022417336968439
2013-10-09,-0.2036013738917453
2013-10-10,-0.07666088421555127
2013-10-11,-0.05241029871546704
2013-10-12,-0.23021075353026385
2013-10-13,-0.22254975698888302
2013-10-14,-0.3480700741211573
2013-10-15,-0.14241551318102413
2013-10-16,-0.14400055547329513
2013-10-17,-0.11233974881470203
2013-10-18,-0.02219940349459648
2013-10-19,-0.060323070424298436
2013-10-20,-0.14609058350324633
2013-10-21,-0.24360516712069516
2013-10-22,0.05616450961679219
2013-10-23,-0.16450393356142506
2013-10-24,-0.12776198894109414
2013-10-25,0.03410219294684273
2013-10-26,-0.07551337006900992
2013-10-27,-0.33932339400053024
2013-10-28,-0.19332609317886332
2013-10-29,-0.358150157801531
2013-10-30,0.06826711612704553
2013-10-31,0.08462990083110827
2013-11-01,0.06205080415714868
2013-11-03,0.019726310941306016
2013-11-04,-0.312940233611855
2013-11-05,-0.07823794931173325
2013-11-06,-0.2979772905646651
2013-11-07,0.016094812378287335
2013-11-08,-0.15907249218296438
2013-11-09,-0.22146886214613914
2013-11-10,-0.3828436951670382
2013-11-11,-0.1893432317745118
2013-11-12,-0.27287283899455234
2013-11-13,-0.3205853161850461
2013-11-14,-0.37431990905177026
2013-11-15,-0.12161538070615603
2013-11-16,0.1498986985534429
2013-11-17,-0.07945944019593298
2013-11-18,-0.22606597639620307
2013-11-19,-0.11980622309830881
2013-11-20,-0.1904302193568303
2013-11-21,-0.12246081939277548
2013-11-22,-0.2622006653767565
2013-11-23,-0.44022028644879657
2013-11-24,0.14455891197377985
2013-11-25,0.020337208781553335
2013-11-26,-0.26556263615687686
2013-11-27,-0.3199216774664819
2013-11-28,-0.3137514603634675
2013-11-29,-0.31638489725689095
2013-11-30,-0.3391009718179703
2013-12-01,-0.27409433626702856
2013-12-02,-0.1429092417422094
2013-12-03,-0.3334857521480636
2013-12-04,-0.30656291236696037
2013-12-05,-0.029753978638087996
2013-12-06,-0.2268048817291856
2013-12-07,-0.44585660099983226
2013-12-08,0.011857314833572899
2013-12-09,-0.1282239573958673
2013-12-10,-0.06409418883805093
2013-12-11,-0.29341783821582795
2013-12-12,-0.39193252576836224
2013-12-13,-0.09297715652395379
2013-12-14,0.0852964296936988
2013-12-15,0.042166208001700296
2013-12-16,-0.1532199945958222
2013-12-17,-0.025943020358681672
2013-12-18,-0.19704518351881278
2013-12-19,-0.06063075549900534
2013-12-20,-0.1175642107569036
2013-12-22,0.026865003364426758
2013-12-23,-0.39054477806476984
2013-12-24,0.306714375104223
2013-12-25,0.14709596335887912
2013-12-26,0.3109162524342537
2013-12-27,-0.26180248914493454
2013-12-28,-0.005736798048019409
2013-12-29,-0.028632226089636465
2013-12-30,0.155697635995845
2013-12-31,0.04066664036363362
2014-01-01,0.4321516181031863
2014-01-02,0.09947410970926286
2014-01-03,0.04474028510351974
2014-01-04,-0.3906700611114502
2014-01-05,0.21264517977833744
2014-01-06,-0.07057792569200197
2014-01-07,-0.13318045005202295
2014-01-08,-0.007719736960199132
2014-01-09,-0.524772444095176
2014-01-10,-0.2036043786160324
2014-01-11,0.0080998986959457
2014-01-12,-0.27189782857894895
2014-01-13,0.07923631081357599
2014-01-14,0.13178425987384149
2014-01-15,-0.12288339236485105
2014-01-16,-0.006351902866019648
2014-01-17,-0.09279785246441238
2014-01-19,-0.06035893472532431
2014-01-20,-0.14663949626542272
2014-01-21,-0.1377644197029226
2014-01-22,-0.2945909480165158
2014-01-23,-0.13604075915139655
2014-01-24,-0.07289556167539088
2014-01-25,-0.36178703466430306
2014-01-26,-0.259656398370862
2014-01-27,-0.35795212868187165
2014-01-28,0.18914160830900073
2014-01-29,-0.15493634730577469
2014-01-30,-0.31955886714988285
2014-01-31,-0.5512906091494693
2014-02-01,-0.2425975799560547
2014-02-02,-0.21488668566400354
2014-02-03,-0.26523372337774
2014-02-04,-0.08830543931411662
2014-02-05,-0.4098434643043826
2014-02-06,-0.0468870750628412
2014-02-07,-0.1166511372123894
2014-02-08,0.04789449274539949
2014-02-09,-0.2357623791322112
2014-02-10,-0.3704642893179603
2014-02-11,0.1526445929138433
2014-02-12,-0.2770578854251653
2014-02-13,-0.1812001060517061
2014-02-14,-0.06802503913640975
2014-02-15,0.0530733801424503
2014-02-16,-0.13864063546061514
2014-02-17,0.028400381406148287
2014-02-18,-0.2720307452604175
2014-02-19,-0.2404745982752906
2014-02-20,0.1400275819003582
2014-02-21,-0.3279725043103099
2014-02-23,0.01020178808407348
2014-02-24,0.2916874045935961
2014-02-25,-0.12549095104138056
2014-02-26,-0.30503585944987005
2014-02-27,-0.11121239187195896
2014-02-28,-0.16222296248782767
2014-03-02,-0.27093063822637004
2014-03-03,-0.13304644422605633
2014-03-04,-0.22163612049605166
2014-03-05,-0.3497394985802796
2014-03-06,-0.06450150143355134
2014-03-07,-0.21760408161208036
2014-03-08,-0.4598844026525815
2014-03-09,0.031005788933147062
2014-03-10,0.0404902693743889
2014-03-11,-0.11091666992591773
2014-03-12,-0.2621827137313391
2014-03-13,-0.28391632613013773
2014-03-14,-0.327437059301883
2014-03-15,-0.0226736776530742
2014-03-16,-0.0051820976659655744
2014-03-17,0.06111073866486547
2014-03-18,-0.14801140745671898
2014-03-19,-0.2168157394044101
2014-03-20,-0.19212660957127808
2014-03-21,0.07105781945089498
2014-03-23,-0.03732410259544853
2014-03-24,-0.4161705730172495
2014-03-25,-0.043773961131987345
2014-03-26,-0.21850046734599507
2014-03-27,-0.050111088309098384
2014-03-28,0.08618076145648958
2014-03-30,-0.32460834816671336
2014-03-31,-0.16691203725834688
2014-04-01,-0.21813788414001464
2014-04-02,-0.32733539964205455
2014-04-03,-0.2126774575561285
2014-04-04,-0.23014581741558182
2014-04-05,-0.014576474577188494
2014-04-06,-0.19822870064526796
2014-04-07,-0.11958629305919875
2014-04-08,-0.41195724010467527
2014-04-09,-0.17670703235836255
2014-04-10,-0.06253329361788927
2014-04-11,-0.3680474191904068
2014-04-12,-0.1561290942132473
2014-04-13,0.1055178471530477
2014-04-14,-0.1303501115180552
2014-04-15,-0.35681843602408964
2014-04-16,-0.22579967882484198
2014-04-17,-0.19647742969294388
2014-04-18,-0.13744954857975247
2014-04-19,0.06346864020451905
2014-04-20,-0.23225466138683257
2014-04-21,-0.0922123151831329
2014-04-22,-0.3555923049338162
2014-04-23,-0.12464881510961623
2014-04-24,-0.1399554940206664
2014-04-25,-0.391759349219501
2014-04-26,-0.3539297416806221
2014-04-27,0.07813164192650994
2014-04-28,-0.2925099044253952
2014-04-29,0.04551911860704422
2014-04-30,-0.04461020661983639
2014-05-01,-0.1356457467377186
2014-05-02,-0.09027668347825177
2014-05-03,-0.16322275357586993
2014-05-04,0.11636443063616748
2014-05-05,-0.6787703521549702
2014-05-06,-0.10272348056045863
2014-05-07,-0.014869599316555725
2014-05-08,-0.2728406080443944
2014-05-09,-0.4274621098302305
2014-05-10,-0.35321406498551366
2014-05-11,0.22807706519961357
2014-05-12,-0.23788156277603573
2014-05-13,-0.19228147936088066
2014-05-14,-0.2301553955508603
2014-05-15,-0.24961664780974388
2014-05-16,-0.2072681268909946
2014-05-17,-0.0465585356578231
2014-05-18,0.15975399967283008
2014-05-19,-0.44588153855875134
2014-05-20,-0.4522900746337005
2014-05-21,-0.05796650312840938
2014-05-22,-0.006754822873820857
2014-05-23,-0.6394021672507127
2014-05-24,-0.044818837993911356
2014-05-25,0.09588027000427246
2014-05-26,-0.14967363948623338
2014-05-27,-0.28003561273217203
2014-05-28,-0.04581135252697601
2014-05-29,-0.26475611738860605
2014-05-30,-0.290508851253738
2014-05-31,-0.21158427838236094
2014-06-01,0.02917414903640745
2014-06-02,-0.19647351809238134
2014-06-03,-0.29576029628515244
2014-06-04,-0.2655685125466655
2014-06-05,-0.30831051662209485
2014-06-06,-0.09351071954837868
2014-06-07,0.2685370134810606
2014-06-08,-0.16519682668149477
2014-06-09,0.0760538137572653
2014-06-10,-0.03751360535945582
2014-06-11,-0.6304495931603015
2014-06-12,-0.12791132975957895
2014-06-13,-0.07506373642306578
2014-06-14,0.04582438564726284
2014-06-15,-0.0038577936589717977
2014-06-16,-0.3803871692242948
2014-06-17,0.07194158434867857
2014-06-18,0.015475382562726727
2014-06-19,0.03078911009998548
2014-06-20,-0.0436168467769256
2014-06-21,-0.16540500521659854
2014-06-22,-0.563322264701128
2014-06-23,-0.04462747694924474
2014-06-24,-0.4156433310126886
2014-06-25,-0.6064096497077691
2014-06-26,-0.12607260022989727
2014-06-27,0.024980461597442626
2014-06-28,-0.14680700500806174
2014-06-29,0.08682358562946317
2014-06-30,-0.3101131081905054
2014-07-01,-0.09583139869694907
2014-07-02,0.118478800687525
2014-07-03,-0.18706260281888878
2014-07-04,0.12922403216362002
2014-07-05,0.02162054287535802
2014-07-06,-0.09272089174815583
2014-07-07,-0.1847510114312172
2014-07-08,-0.2535319575930343
2014-07-09,-0.21494044115146002
2014-07-10,-0.07497484246268868
2014-07-11,-0.4746970153812851
2014-07-12,-0.2379569076001644
2014-07-13,0.019203606992959973
2014-07-14,-0.1419810462033465
2014-07-15,-0.0978009718554941
2014-07-16,-0.3160184345075062
2014-07-17,-0.4632257678442531
2014-07-18,0.16825697604905476
2014-07-19,-0.041693685576319695
2014-07-20,-0.06956260185688731
2014-07-21,-0.3154556963430798
2014-07-22,-0.09384651697779957
2014-07-23,-0.1484027538448572
2014-07-24,-0.24725212901830673
2014-07-25,0.06769964011276468
2014-07-26,-0.16872041020542383
2014-07-27,0.051491564478386515
2014-07-28,-0.1450671958071845
2014-07-29,-0.04365297526121139
2014-07-30,0.2010615059862966
2014-07-31,-0.327410525857256
2014-08-01,-0.36777002848684787
2014-08-02,-0.10940518602728846
2014-08-03,0.056066666983745295
2014-08-04,-0.2031313546679237
2014-08-05,-0.06318497906128565
2014-08-06,-0.42022331655025474
2014-08-07,-0.19663809090852738
2014-08-08,-0.2460408007556742
2014-08-09,0.017207834869623177
2014-08-10,-0.28042888175696135
2014-08-11,-0.05044156859318418
2014-08-12,-0.110335823148489
2014-08-13,-0.30526874664550024
2014-08-14,-0.4193011461333795
2014-08-15,0.14601686922833323
2014-08-16,0.28234297595918173
2014-08-17,-0.3222269018491109
2014-08-18,-0.242268113212453
2014-08-19,0.11004465073347094
2014-08-20,-0.0770764911645337
2014-08-21,-0.21037744567729533
2014-08-22,-0.20276016741991043
2014-08-23,-0.46074568107724195
2014-08-24,-0.2690714659790198
2014-08-25,-0.0510827153921128
2014-08-26,-0.14106798470020293
2014-08-27,-0.11050802171230314
2014-08-28,-0.441817801238762
2014-08-29,-0.3893321811088494
2014-08-30,0.0765356123447418
2014-08-31,0.10572252795100212
2014-09-01,-0.17355894731978574
2014-09-02,-0.0717954502440989
2014-09-03,0.21297612172715805
2014-09-04,0.12938109622336924
2014-09-05,-0.2620823922256629
2014-09-06,0.09939730539917947
2014-09-07,0.01498122364282608
2014-09-08,-0.08143687555018593
2014-09-09,0.03729315381497145
2014-09-10,-0.038791149281538415
2014-09-11,-0.27405590703710914
2014-09-12,-0.07608747645281254
2014-09-13,-0.07841697335243225
2014-09-14,0.05085902120918038
2014-09-15,-0.23961512371897697
2014-09-16,-0.40750205125659705
2014-09-17,-0.2352700572283495
2014-09-18,-0.07873719624642814
2014-09-19,-0.1462926835520193
2014-09-20,0.08168485015630719
2014-09-21,-0.027316738540927595
2014-09-22,-0.32628276550935376
2014-09-23,-0.3964516037247247
2014-09-24,-0.5727153564803302
2014-09-25,-0.2788049044426192
2014-09-26,-0.13663807151218255
2014-09-27,0.20402590185403824
2014-09-28,0.2359879224428109
2014-09-29,-0.5872853034390852
2014-09-30,-0.22192647577159932
2014-10-01,-0.36760623194277287
2014-10-02,-0.15728293244655317
2014-10-03,-0.48790043592453003
2014-10-04,-0.24649984296411276
2014-10-05,0.04129563484873089
2014-10-06,-0.019949139654636384
2014-10-07,-0.38174981566575855
2014-10-08,-0.5277278833091259
2014-10-09,-0.25779314288361505
2014-10-10,-0.3998729758622015
2014-10-11,-0.2391661877433459
2014-10-12,-0.29487170403202373
2014-10-13,-0.18119499437949238
2014-10-14,-0.2974719631352595
2014-10-15,-0.32954725516693933
2014-10-16,-0.37916912081149906
2014-10-17,-0.12071651779115197
2014-10-18,-0.26400466449558735
2014-10-19,-0.10031195807581146
2014-10-20,-0.3162240360218745
2014-10-21,-0.34422615375369786
2014-10-22,-0.06720594233936733
2014-10-23,-0.23049198055551165
2014-10-24,-0.03035523442344533
2014-10-25,-0.022804635111242533
2014-10-26,-0.34161786031391883
2014-10-27,-0.08644221102197966
2014-10-28,-0.2574868479912931
2014-10-29,-0.20140669929484525
2014-10-30,0.030374151490190435
2014-10-31,-0.008322557310263334
2014-11-01,-0.32800355460494757
2014-11-02,-0.31455779746174806
2014-11-03,-0.24123080685320827
2014-11-04,-0.18846955176975047
2014-11-05,-0.12082832875220399
2014-11-06,0.05230811052024365
2014-11-07,-0.19188974127173425
2014-11-09,-0.012298251346995442
2014-11-10,-0.19158901951529764
2014-11-11,-0.1322333673015237
2014-11-12,-0.4962621915340424
2014-11-13,-0.27117429700280943
2014-11-14,0.042172129051043436
2014-11-16,-0.3251455101583685
2014-11-17,-0.20210265799572594
2014-11-18,-0.25386386550962925
2014-11-19,-0.40227251393454416
2014-11-20,-0.32483832724392414
2014-11-21,-0.1755298723777135
2014-11-22,0.5861851572990417
2014-11-23,0.28018246094385785
2014-11-24,-0.4802124444395304
2014-11-25,-0.47425003011118283
2014-11-26,-0.24444201280889305
2014-11-27,-0.397683336900977
2014-11-28,-0.4583820711602183
2014-11-29,-0.0054795555770397
2014-11-30,-0.3569717952473597
2014-12-01,-0.563896514584913
2014-12-02,-0.3334593367245462
2014-12-03,-0.27231538272462785
2014-12-04,-0.22306310506537558
2014-12-05,-0.5782206735827706
2014-12-06,-0.7015359401702881
2014-12-07,-0.28645056689327414
2014-12-08,-0.43618560848491533
2014-12-09,-0.3105651160702109
2014-12-10,-0.2833335882751271
2014-12-11,-0.2271879597433976
2014-12-12,-0.36206797771155835
2014-12-14,-0.06553359907120467
2014-12-15,-0.24988854303956032
2014-12-16,-0.22864624919990698
2014-12-17,-0.2981362406164408
2014-12-18,-0.16649674711858525
2014-12-19,0.02717978161360538
2014-12-20,-0.118841677904129
2014-12-21,-0.03028126694262027
2014-12-22,-0.005830607811609904
2014-12-23,-0.6750375151634216
2014-12-24,0.046494165169341226
2014-12-25,0.0315597504377365
2014-12-26,-0.1856732226908207
2014-12-27,0.3723758086562157
2014-12-28,-0.29350179027427326
2014-12-29,-0.12435210309922695
2014-12-30,-0.06844022913047901
2014-12-31,-0.26987439952790737
2015-01-01,-0.0601923197507858
2015-01-02,-0.10514901081720991
2015-01-04,0.22476967331022024
2015-01-05,-0.40717258981683035
2015-01-06,-0.47178174890577795
2015-01-07,-0.36883940261143905
2015-01-08,-0.18773638866841794
2015-01-09,-0.3286014505558544
2015-01-11,-0.18779219261237554
2015-01-12,-0.22929461440071466
2015-01-13,-0.29045570916251134
2015-01-14,-0.42452990088392706
2015-01-15,-0.29265920631587505
2015-01-16,-0.20893866289407015
2015-01-17,0.0022286288440227
2015-01-18,0.2241396844725717
2015-01-19,-0.19769127754604113
2015-01-20,-0.18005859127475154
2015-01-21,0.0025056869988995018
2015-01-22,0.19516492599532717
2015-01-23,-0.12402583743360908
2015-01-24,-0.7020645197480917
2015-01-25,-0.38276243284344674
2015-01-26,-0.5586098787876276
2015-01-27,-0.6279331195880385
2015-01-28,0.06069739567844762
2015-01-29,-0.1661990544803086
2015-01-30,-0.35230403275866257
2015-01-31,-0.20079146325588226
2015-02-01,-0.07500637375882695
2015-02-02,-0.08083841181360185
2015-02-03,-0.19742234703153372
2015-02-04,-0.06983572368820508
2015-02-05,-0.24015669474999113
2015-02-06,-0.23416329955216497
2015-02-07,-0.40272832196205854
2015-02-08,-0.2393373005092144
2015-02-09,-0.23378637128255583
2015-02-10,0.0960140459669324
2015-02-11,-0.20001871963696824
2015-02-12,-0.14846649680597088
2015-02-13,0.07356775355966465
2015-02-14,-0.4376947805285455
2015-02-15,-0.09209354511565633
2015-02-16,-0.27217008601874115
2015-02-17,-0.07222038442268967
2015-02-18,0.16162969585922027
2015-02-19,-0.14942375142127276
2015-02-20,-0.05452544304231802
2015-02-21,-0.1543789108594259
2015-02-22,-0.11231052378813428
2015-02-23,-0.3875244283117354
2015-02-24,-0.02375281843192436
2015-02-25,-0.28277103962997596
2015-02-26,-0.3472634649982578
2015-02-27,0.148718599230051
2015-02-28,-0.8500272035598755
2015-03-01,-0.07095549690226716
2015-03-02,-0.1739017524653011
2015-03-03,-0.14213472955367143
2015-03-04,-0.3051940519362688
2015-03-05,0.11346215097343218
2015-03-06,-0.1497745245695114
2015-03-07,-0.4308316260576248
2015-03-08,-0.19235015536348024
2015-03-09,-0.5071039193620285
2015-03-10,-0.1889223549515009
2015-03-11,-0.5036984588950872
2015-03-12,-0.29627816492898595
2015-03-13,-0.345004025225838
2015-03-14,-0.3627723231911659
2015-03-15,0.1448546687939337
2015-03-16,-0.3338638269342482
2015-03-17,-0.2828136989000169
2015-03-18,-0.11448407685384154
2015-03-19,-0.22435974466957545
2015-03-20,0.09067448717541991
2015-03-21,0.044904865324497154
2015-03-22,0.07988749584183098
2015-03-23,-0.20208719248572984
2015-03-24,-0.3136298949830234
2015-03-25,-0.22902020113542676
2015-03-26,-0.26010931010047594
2015-03-27,-0.1464550585175554
2015-03-28,-0.22791643387504987
2015-03-29,-0.137447435176
2015-03-30,0.2202567475537459
2015-03-31,-0.2221701911517552
2015-04-01,0.008930542133748534
2015-04-02,-0.2110173748806119
2015-04-03,-0.4375069038942456
2015-04-04,-0.26838932558894163
2015-04-05,-0.25662566721439367
2015-04-06,-0.8081678748130798
2015-04-07,-0.019865781896644164
2015-04-08,0.007941335905343301
2015-04-09,-0.14161211089231074
2015-04-10,-0.28408210453662003
2015-04-11,0.06782384961843486
2015-04-12,-0.33168364576995374
2015-04-13,-0.29823915453420746
2015-04-14,-0.11610817563320909
2015-04-15,-0.3447251318904914
2015-04-16,-0.1173073963395187
2015-04-17,-0.2775174166696767
2015-04-18,-0.4063618704676628
2015-04-19,-0.2581543019041419
2015-04-20,-0.0020694378763437223
2015-04-21,-0.1887786202132702
2015-04-22,-0.5356250919401646
2015-04-23,-0.19006647611105884
2015-04-24,-0.15644396096467972
2015-04-25,-0.24794211611151692
2015-04-26,-0.15008062468125272
2015-04-27,-0.37633697151699486
2015-04-28,-0.313358555694944
2015-04-29,-0.23786155879497528
2015-04-30,-0.24863602571627674
2015-05-01,0.0157029064638274
2015-05-02,0.05859920196235176
2015-05-03,-0.3907303118280003
2015-05-04,-0.33991719875484705
2015-05-05,-0.4335288240721351
2015-05-06,-0.1912256021052599
2015-05-07,-0.12342014871537685
2015-05-08,-0.1495868498459458
2015-05-09,-0.002664305269718198
2015-05-10,0.029705158434808254
2015-05-11,-0.11973711931043202
2015-05-12,-0.3467359628309222
2015-05-13,-0.16726608267601795
2015-05-14,-0.1863260841263192
2015-05-15,-0.22382338624447584
2015-05-16,0.39650289714336395
2015-05-17,-0.14587838109582663
2015-05-18,-0.3073260535232045
2015-05-19,-0.26846741493791343
2015-05-20,-0.37712811829092413
2015-05-21,-0.2371506730094552
2015-05-22,-0.029848294580976185
2015-05-23,-0.39273191839456556
2015-05-24,-0.11547652218076918
2015-05-25,-0.17625954747200012
2015-05-26,-0.0028823791071772575
2015-05-27,-0.22825276727477709
2015-05-28,-0.288219653069973
2015-05-29,-0.2577457920863079
2015-05-30,-0.08177710076173149
2015-05-31,-0.4757722717310701
2015-06-01,-0.23339681634131604
2015-06-02,-0.2209754203530875
2015-06-03,-0.23234167220917615
2015-06-04,-0.3525644718952801
2015-06-05,-0.12634105242788793
2015-06-06,0.0285698100924492
2015-06-07,-0.3943282870782746
2015-06-08,-0.26692067459225655
2015-06-09,-0.2711763605475425
2015-06-10,-0.15874457013394153
2015-06-11,-0.36010261598442284
2015-06-12,-0.4368130584557851
2015-06-14,0.04732100582785075
2015-06-15,-0.04015649457208135
2015-06-16,-0.2290310089421623
2015-06-17,-0.07365030888468029
2015-06-18,-0.3186252810770557
2015-06-19,0.030689011399562552
2015-06-20,-0.5350916236639023
2015-06-21,-0.495392020791769
2015-06-22,-0.0014543492685664885
2015-06-23,-0.11937770331278444
2015-06-24,-0.3101684171706438
2015-06-25,-0.11803345195949079
2015-06-26,-0.1674861420566837
2015-06-27,-0.897061824798584
2015-06-28,-0.31515379541087896
2015-06-29,-0.3789602792000069
2015-06-30,0.06195307590744712
2015-07-01,-0.25796550715511496
2015-07-02,0.09877938839296502
2015-07-03,-0.304571511844794
2015-07-04,-0.31834278628230095
2015-07-05,-0.10761196911334991
2015-07-06,-0.0805269147341068
2015-07-07,-0.3640931153462993
2015-07-08,-0.4797187638195122
2015-07-09,-0.3619894590228796
2015-07-10,-0.05417520389892161
2015-07-11,-0.7296305745840073
2015-07-12,-0.12100773331310068
2015-07-13,-0.30985385552048683
2015-07-14,-0.02935081010773067
2015-07-15,-0.3044295169582421
2015-07-16,-0.31577839457282897
2015-07-17,-0.4283467224415611
2015-07-18,-0.3622018098831177
2015-07-19,-0.25593316135928035
2015-07-20,-0.036549503542482834
2015-07-21,-0.3949289542933305
2015-07-22,-0.17716606789165074
2015-07-23,-0.21929082493095295
2015-07-24,-0.6488526273857463
2015-07-25,0.049078128114342714
2015-07-26,-0.2952576062896035
2015-07-27,-0.4774291363473122
2015-07-28,0.0623968320588271
2015-07-29,0.014402864598914178
2015-07-30,-0.256030003229777
2015-07-31,-0.2137698485301091
2015-08-01,-0.9478965103626251
2015-08-02,0.046265408086280026
2015-08-03,-0.47081131041049956
2015-08-04,-0.10205246414989234
2015-08-05,-0.0981039399137864
2015-08-06,-0.15668886007839128
2015-08-07,-0.5089625276625156
2015-08-08,-0.40428656587998074
2015-08-09,0.12095655394451957
2015-08-10,-0.006493778899312038
2015-08-11,-0.11098056024109776
2015-08-12,-0.5252394540501493
2015-08-13,-0.389320037017266
2015-08-14,-0.31023547119077516
2015-08-15,0.10629313997924325
2015-08-16,-0.23990795761346817
2015-08-17,0.07155623802771936
2015-08-18,-0.27696677098671596
2015-08-19,-0.3214731921752294
2015-08-20,-0.30848107277415693
2015-08-21,-0.5762948562701543
2015-08-22,0.1862139344215393
2015-08-23,0.05680670247723655
2015-08-24,-0.4256973983719945
2015-08-25,-0.09184389437238374
2015-08-26,-0.2999058556742966
2015-08-27,0.017359737306833267
2015-08-28,-0.5827449259037772
2015-08-29,-0.8731958866119385
2015-08-30,-0.08465237373655492
2015-08-31,0.06443416513502598
2015-09-01,-0.3849990607963668
2015-09-02,-0.31722694877535107
2015-09-03,-0.24608232132676575
2015-09-04,-0.3552513122558594
2015-09-05,0.03174414734045667
2015-09-06,-0.2267272142185406
2015-09-07,-0.11305898404680195
2015-09-08,-0.19969141263176093
2015-09-09,-0.1070588269670095
2015-09-10,-0.22817345708608627
2015-09-11,-0.25928160630994374
2015-09-12,-0.2690847118695577
2015-09-13,-0.2664307523518801
2015-09-14,0.1870075687766075
2015-09-15,-0.5080595072358847
2015-09-16,-0.08685131715610624
2015-09-17,-0.05715880276901382
2015-09-18,-0.3017162619268193
2015-09-19,-0.03434734791517257
2015-09-20,-0.2334308172152801
2015-09-21,-0.19218601814160743
2015-09-22,-0.2900812715912859
2015-09-23,-0.33573478274047375
2015-09-24,-0.25334116816520696
2015-09-25,-0.39791915263049304
2015-09-26,-0.12985896244645118
2015-09-27,-0.22814073041081429
2015-09-28,-0.26161842254039486
2015-09-29,-0.09791342365114314
2015-09-30,-0.4037092801183462
2015-10-01,-0.342535138130188
2015-10-02,-0.23539226367655727
2015-10-03,-0.12058697491884232
2015-10-04,-0.006064612418413188
2015-10-05,-0.127969556887235
2015-10-06,0.005349699407815938
2015-10-07,-0.36048653217799526
2015-10-08,-0.3630062020605519
2015-10-09,-0.168479363899678
2015-10-10,-0.17955234311521057
2015-10-11,0.14717775918543338
2015-10-12,-0.17741288901084942
2015-10-13,-0.05292408003964845
2015-10-14,-0.1519717740777292
2015-10-15,-0.34534016458524597
2015-10-16,-0.18244270288518497
2015-10-17,-0.6714417338371277
2015-10-18,-0.0012041336546341486
2015-10-19,-0.41491396973530453
2015-10-20,-0.12547641629353165
2015-10-21,-0.18150573107413948
2015-10-22,-0.22969896630629114
2015-10-23,-0.5883293420904212
2015-10-24,0.08782263919711113
2015-10-25,-0.36101334244012834
2015-10-26,-0.30175882163974976
2015-10-27,-0.2261866182088852
2015-10-28,-0.3019750683568418
2015-10-29,-0.3822331597200698
2015-10-30,-0.24418033774082476
2015-10-31,-0.3167283535003662
2015-11-01,-0.20069727185182276
2015-11-02,-0.35860379063524306
2015-11-03,-0.185420341996683
2015-11-04,-0.2580271330440328
2015-11-05,-0.36955739088632444
2015-11-06,-0.03120682169409358
2015-11-07,-0.0219850465655327
2015-11-08,-0.3192939177155495
2015-11-09,-0.13676575145551137
2015-11-10,-0.10079971693742734
2015-11-11,-0.2585148223392341
2015-11-12,-0.4827170191066606
2015-11-13,-0.43260816143204767
2015-11-14,-0.4810755541548133
2015-11-15,-0.5721577756106854
2015-11-16,-0.23920136447186055
2015-11-17,0.2453360995277762
2015-11-18,-0.3700218489393592
2015-11-19,-0.22429142825305462
2015-11-20,-0.35275913112693363
2015-11-22,-0.02154406160116197
2015-11-23,-0.31617745105177164
2015-11-24,-0.22221491357777268
2015-11-25,-0.308915459057864
2015-11-26,-0.5222436144948006
2015-11-27,-0.28366338264416247
2015-11-28,0.08657748997211452
2015-11-29,-0.1851402439854362
2015-11-30,0.003946906369593408
2015-12-01,-0.27402936491896124
2015-12-02,-0.20809140259569342
2015-12-03,-0.20482971022526422
2015-12-04,-0.2931305065751076
2015-12-05,-0.6776939854025841
2015-12-06,0.018726076592098573
2015-12-07,-0.12285780707995096
2015-12-08,-0.4426664718737205
2015-12-09,-0.4073248474008363
2015-12-10,-0.034773428644984956
2015-12-11,-0.3049609212634655
2015-12-12,-0.03575938269495964
2015-12-13,-0.3167537596076727
2015-12-14,-0.3715014087364954
2015-12-15,-0.29901009319971006
2015-12-16,-0.059140263884155844
2015-12-17,-0.3024309478700161
2015-12-18,-0.2047134693711996
2015-12-19,0.31391636561602354
2015-12-20,-0.19251480798881787
2015-12-21,-0.39134030642085954
2015-12-22,-0.4954607637429779
2015-12-23,-0.5440266126623521
2015-12-24,0.10657318619390327
2015-12-25,0.3594253907601039
2015-12-26,-0.3741298913955688
2015-12-27,-0.016241050139069575
2015-12-28,0.11733095720410344
2015-12-29,0.3181520869786089
2015-12-30,-0.095662713671724
2015-12-31,-0.17172638388971487
2016-01-01,-0.4766625225543975
