Date,Open,High,Low,Close,Volume,EMA_12,EMA_26,MACD,Signal,RSI,CCI,ADX,Sentiment Average
2019-03-20,38.14976819585728,38.69218196167516,35.79930854397982,36.01627349853516,2350800,36.01627349853516,36.01627349853516,0.0,0.0,73.75570933500994,91.7811082557348,11.767935408259264,-0.0953728086315095
2019-03-21,36.153685081412206,36.16091605072441,34.859123624670126,35.42323303222656,1764700,35.92503650371845,35.97234457510489,-0.0473080713864391,-0.0094616142772878,73.75570933500994,91.7811082557348,11.767935408259264,-0.1557220022838849
2019-03-22,35.29305884965972,36.12476114811425,34.83019949564861,35.148414611816406,844700,35.8055562126566,35.911312725972415,-0.1057565133158178,-0.0287205940849938,73.75570933500994,91.7811082557348,11.767935408259264,-0.2292000272621711
2019-03-25,35.14842353907356,35.72700063739813,34.71449347419021,35.54619598388672,440900,35.76565463899969,35.88426704137347,-0.1186124023737775,-0.0466989557427505,73.75570933500994,91.7811082557348,11.767935408259264,-0.1563264679163694
2019-03-26,35.437707514461884,35.98012140498936,34.84466854819395,35.3292236328125,504700,35.69851140727859,35.8431527148134,-0.1446413075348118,-0.0662874261011628,73.75570933500994,91.7811082557348,11.767935408259264,-0.2705606718858083
2019-03-27,35.43770660088839,36.72503465171823,35.43770660088839,36.233245849609375,1788600,35.780778244560246,35.87204850257607,-0.0912702580158253,-0.0712839924840953,73.75570933500994,91.7811082557348,11.767935408259264,-0.3937786172788877
2019-03-28,36.81180932861615,36.88413004869759,36.099438924493526,36.7756462097168,585400,35.93383485458433,35.938981666067974,-0.005146811483641,-0.0580565562840044,73.75570933500994,91.7811082557348,11.767935408259264,-0.4717448620268931
2019-03-29,35.813772503574874,37.954498126396906,35.56787815778728,37.33976364135742,1769000,36.15013159101096,36.0427432938672,0.107388297143764,-0.0249675855984507,73.75570933500994,91.7811082557348,11.767935408259264,-0.1365881748497486
2019-04-01,37.824325544522175,39.33585226178391,37.06494670047938,38.69218826293945,19663400,36.54121723284611,36.23899847676144,0.3022187560846703,0.0404696827381734,73.75570933500994,91.7811082557348,11.767935408259264,-0.0801344432614066
2019-04-02,39.86379654197255,41.50550260423682,39.27075768797425,40.681034088134766,17414200,37.17811213365975,36.56803815167798,0.6100739819817704,0.1543905425868928,73.75570933500994,91.7811082557348,11.767935408259264,-0.0754325203597545
2019-04-03,41.281301926750416,41.36808735035087,40.14584665654135,41.13665771484375,15066200,37.7871191461496,36.90645441561618,0.8806647305334181,0.2996453801761979,73.75570933500994,91.7811082557348,11.767935408259264,-0.6017655747441145
2019-04-04,41.36809176820604,43.76917656215748,41.295768275099576,43.18336868286133,13309200,38.61731138256679,37.37141102800472,1.2459003545620746,0.4888963750533732,73.75570933500994,91.7811082557348,11.767935408259264,-0.580433550849557
2019-04-05,42.22872174833065,42.65542071280304,40.69549951957359,41.39702224731445,17000800,39.04495920791258,37.669604451657285,1.375354756255298,0.6661880512937582,73.75570933500994,91.7811082557348,11.767935408259264,-0.3840543900926907
2019-04-08,40.86184655372315,42.22872912091686,40.69550662447912,41.331939697265625,10764600,39.396802360120745,37.940888543924565,1.4559138161961798,0.8241332042742426,73.75570933500994,91.7811082557348,11.767935408259264,-0.3064415034922687
2019-04-09,41.07880043607683,41.368088870520765,40.55808511648032,40.69549560546875,9179900,39.59660132094352,38.144933511446354,1.451667809497167,0.9496401253188276,69.78591218147493,65.61985871790843,11.767935408259264,-0.3991059801157783
2019-04-10,40.49299218858829,40.79674253801656,39.84932561025258,40.290489196777344,9081900,39.70335330184103,38.30386356221161,1.3994897396294164,1.0396100481809454,70.91357249257817,42.7950057387718,11.767935408259264,-0.2940555141706552
2019-04-11,40.28327198169757,40.652112211771694,39.654072643872446,39.69746398925781,7346100,39.7024472537513,38.40709322347429,1.2953540302770108,1.0907588446001586,69.02603162852438,27.50882287159428,11.767935408259264,-0.1038646053236264
2019-04-12,40.44960463332551,42.185329866858105,40.44960463332551,42.16363143920898,9281700,40.08109097459095,38.68535531352872,1.395735661062233,1.1517542078925735,73.59461602597321,68.2476183549824,11.767935408259264,-0.6084202886559069
2019-04-15,42.35890272435908,42.56140299953364,41.433184027721865,41.787559509277344,5727300,40.34362459531193,38.9151482169175,1.4284763783944283,1.2070986419929446,72.76901782289643,75.7767015257677,11.767935408259264,-0.1902578749383489
2019-04-16,42.46015233462169,42.66265536614064,41.830953088244,42.30827713012695,6681600,40.64587883143732,39.16649109937746,1.4793877320598554,1.261556460006327,72.0126026968577,86.41710800757322,11.767935408259264,0.2977491896599531
2019-04-17,42.63372899058872,42.7060497334212,42.09131514276663,42.1781005859375,6420700,40.88160525520657,39.389573283567096,1.4920319716394772,1.307651562332957,70.17834819259565,85.86797103087962,11.767935408259264,-0.2120017439126968
2019-04-18,42.20702580496103,42.38783040298854,41.62121791416255,41.78032684326172,5178800,41.01987011490736,39.56666613984077,1.453203975066593,1.3367620448796842,66.79433861381969,54.95557662480226,11.767935408259264,-0.3697384720047315
2019-04-22,41.57058799555462,42.24318124242468,41.41147908502569,41.86710739135742,4401700,41.15021431128429,39.737069195508674,1.4131451157756203,1.3520386590588716,63.27887673778636,39.67521232041791,11.767935408259264,-0.0632057841867208
2019-04-23,41.43318067626254,41.83095022412024,41.223446688877154,41.68630599975586,5687200,41.23268995566453,39.88145710693439,1.3512328487301415,1.3518774969931255,54.95367501985035,6.737619497770661,11.767935408259264,-0.0152165306111176
2019-04-24,41.577836573525566,41.86712234461163,40.40260640376744,40.48577499389648,5431300,41.117779961546375,39.92622139485752,1.1915585666888615,1.3198137109322727,47.012006611148806,-68.97456752291565,11.767935408259264,-0.215570337511599
2019-04-25,40.32665595865643,40.48576488628984,39.64683166952506,40.01567459106445,6260500,40.94822528916454,39.93284755753951,1.01537773162503,1.2589265150708242,32.996857336853026,-132.93399984911835,11.767935408259264,-0.0943337311460213
2019-04-26,39.993973628147685,40.2109385782561,39.74084831283105,39.95781326293945,4009800,40.79585420820683,39.93469686905062,0.8611573391562146,1.1793726798879025,40.51472118891816,-112.49087902050076,11.767935408259264,-0.4568351879715919
2019-04-29,39.81316965960778,40.27241485732501,39.63236507190851,40.13861846923828,5935200,40.694741017596286,39.94980217276822,0.7449388448280629,1.0924859128759343,42.253437419209135,-90.65267726074192,11.767935408259264,-0.1748478366908702
2019-04-30,40.326660193018405,41.37171340787276,40.210945349550926,41.02818298339844,6454100,40.74603978156585,40.029682232814906,0.7163575487509419,1.0172602400509358,52.09095756515601,-20.12807043482772,12.791830687685303,-0.0019326176908281
2019-05-01,41.09326556853908,41.57058955922139,40.41344132691852,40.59424591064453,7644400,40.72268687834718,40.07150176450599,0.6511851138411942,0.9440452148089876,51.90220922677062,-25.470610215483106,13.436906681969086,-0.2993452842036883
2019-05-02,40.16754159031646,40.85459946801151,37.62904403062844,38.11360168457031,13932700,40.321289156227664,39.9264721289552,0.3948170272724667,0.8341995773016834,41.97795250762403,-172.77043903202448,14.081982676252863,-0.304646145951535
2019-05-03,38.47522563859567,38.58370676078029,37.4048625649878,38.54754638671875,7401700,40.0484056532263,39.82432948138213,0.2240761718441675,0.7121748962101803,26.93738069506938,-175.05414186660607,15.28606013382867,-0.0505542326718569
2019-05-06,37.7158394756883,39.07548803848768,37.39039065416642,38.66325378417969,6089500,39.83530536568067,39.73832387418194,0.0969814914987239,0.589136215267889,29.38934409727814,-128.33778788592605,16.987083314758596,-0.5040545645169914
2019-05-07,38.22932856265213,38.56562525977105,38.07745334688474,38.29441833496094,7330800,39.59824582249302,39.63136790831373,-0.0331220858207075,0.4646845550501696,22.979612904551203,-111.59936769078226,17.077318708668844,-0.4361714631319046
2019-05-08,38.56924329054589,38.61625149907796,37.83156010169876,37.95450592041016,5390700,39.34536276063412,39.50715590920976,-0.1617931485756401,0.3393890143250077,22.34853744619255,-106.82686660006875,18.286699593909283,-0.4514513083479621
2019-05-09,37.79540273681049,38.431835875855086,37.281918194095645,38.27996063232422,4579700,39.18145474089413,39.416252555366384,-0.2347978144722518,0.2245516485655558,26.864365071040723,-95.15195938108084,18.661621313979825,-0.085195176055034
2019-05-10,38.287187332672346,38.84695996617463,37.9617412068051,38.38120651245117,4758100,39.05833962882598,39.33958247811341,-0.2812428492874232,0.12339274899496,27.003945885005635,-62.37943832480975,18.17062616378043,-0.0522801076824014
2019-05-13,37.80985177252011,38.00512104422866,36.710559627452845,36.84797286987305,4213100,38.71828320437169,39.15501880342893,-0.4367355990572434,0.0113670793845193,22.915061509892325,-118.00674948671308,16.760571979232346,-0.6218487806618214
2019-05-14,37.12280631449889,38.330579865245525,36.76842804146915,37.95450592041016,4204500,38.60077900683914,39.06609192320531,-0.4653129163661731,-0.0839689197656191,35.67927084722659,-80.64148536676268,14.5032906624232,-0.2467881117302637
2019-05-15,37.59289553995038,38.56562525977105,37.36869682225126,38.29441833496094,2928700,38.55364659578096,39.008930916668696,-0.4552843208877419,-0.1582319999900437,40.11634758479535,-49.201409038459865,14.73351118497566,-0.1870918760874441
2019-05-16,38.54031122730412,38.728346807306266,38.13530790879104,38.31611251831055,3689700,38.51710289155474,38.95761103530884,-0.4405081437540943,-0.2146872287428538,40.53384668580594,-21.566070062429837,15.679782710628588,-0.041410151662098
2019-05-17,37.85325132657074,37.98343085983047,36.638244188719405,36.73949432373047,4440800,38.24362465035101,38.79330609371044,-0.5496814433594324,-0.2816860716661695,33.11789095081366,-120.02329912188458,16.868990470913356,-0.6882967746092213
2019-05-20,36.45020635679596,36.55145648552642,36.10305911706422,36.21877670288086,5168400,37.93210958150944,38.60260021290825,-0.6704906313988062,-0.3594469836126969,25.205132995722508,-193.45187671136867,19.162204814315896,-0.4447451055049896
2019-05-21,36.36341854752825,37.02154715001458,36.17538298632892,36.616546630859375,4968400,37.72971528140943,38.455485132756486,-0.725769851347053,-0.4327115571595681,29.416232973034013,-134.19880342756323,20.399106521481308,-0.7895206838846207
2019-05-22,36.493602158060256,36.60208602860815,36.13560979942729,36.31279754638672,3019100,37.51172793755978,38.296767533766136,-0.785039596206353,-0.5031771649689252,37.97110844068546,-129.16078259308358,21.636008228646716,-0.4433911017635289
2019-05-23,35.79931336231073,36.05967244636323,34.866360897409095,35.227970123291016,4919200,37.16038058151843,38.06944920706428,-0.9090686255458492,-0.58435545708431,29.59998762224788,-167.2242434442872,22.395769056506037,-0.2088663459289819
2019-05-24,35.71975455112566,35.85355094163465,35.03269655365803,35.58234405517578,2918900,36.917605731311866,37.885219195813285,-0.9676134645014188,-0.6610070585677318,31.606240981240973,-130.34188507124446,24.328270354820408,-0.3319266819291644
2019-05-28,35.70528904355852,35.74868313759774,34.78680141117136,35.119483947753906,6613000,36.64097161076449,37.68034991817926,-1.039378307414772,-0.7366813083371399,31.25533766472438,-123.83449809979209,26.43637141854073,-0.3227422599765387
2019-05-29,34.85912992678961,35.748688291396014,34.72171665528443,35.227970123291016,3525900,36.4235867665378,37.49869215559495,-1.0751053890571427,-0.8043661244811404,33.45041805497348,-103.45412953031364,27.81911479812155,-0.2070515602827072
2019-05-30,35.308672013302456,35.65354149202271,35.23529683867765,35.56549072265625,3777600,36.29157199055602,37.35549204945134,-1.0639200588953202,-0.8562769113639764,33.54775433651105,-76.38150748075964,29.752673530538,-0.2332451343536377
2019-05-31,35.19128066925069,35.22063186758725,34.30342791270217,34.31076431274414,3396900,35.986832347815735,37.12995666154711,-1.14312431373137,-0.9136463918374552,28.355671888958213,-119.2296997199037,32.73761322521889,0.03238643752411
2019-06-03,34.37680281224068,35.191280364990234,34.37680281224068,35.191280364990234,5905200,35.864439735073354,36.9863510099503,-1.1219112748769433,-0.9552993684453528,40.53351585114916,-84.5618166325849,35.82317546254186,-0.3037314750254154
2019-06-04,35.71959480710253,36.63679885864258,35.69024360567294,36.63679885864258,7043000,35.98326421562246,36.96045825800158,-0.977194042379118,-0.959678303232106,42.751320663968606,15.603645399288126,35.4785933649648,-0.3236416640381018
2019-06-05,37.04771057409707,37.10641018308868,35.99108962139933,36.937644958496094,6413300,36.130092022218406,36.95876838396413,-0.8286763617457282,-0.9334779149348305,42.50420027802342,54.86742492992523,36.67024645846982,-0.5144744748870532
2019-06-06,36.89360529979167,37.64938314551884,36.7982181185248,37.4659423828125,6228100,36.3356074623098,36.99633682832327,-0.6607293660134701,-0.8789282051505584,45.55202743023193,124.2566548379847,36.85763892276908,-0.3228786160637225
2019-06-07,37.51730949396169,37.92821505396033,37.32652951331873,37.64204788208008,5391100,36.536598296120616,37.0441672767497,-0.5075689806290882,-0.8046563602462644,55.53285138548704,143.45935270050893,35.91931533058356,-0.4075491647236049
2019-06-10,37.95022811702356,38.229056077400365,37.847501731718,37.87685012817383,5434400,36.74279088566726,37.10584748796631,-0.3630566022990464,-0.7163364086568209,60.5336039837571,141.2975131544856,32.35658059328837,-0.0872160067612475
2019-06-11,38.15567688371199,38.28041525304084,37.83282216390459,38.18502807617188,5144300,36.96467353036028,37.18578679079635,-0.2211132604360699,-0.6172917790126707,60.079168815683936,126.78453129175531,30.91193681213381,-0.3734985008835793
2019-06-12,38.19970989882166,38.62529106252313,37.92087912317186,38.515228271484375,3103900,37.20322041361014,37.284263937513984,-0.081043523903844,-0.5100421279909054,64.10501967628673,117.18967804118674,28.89635200593466,-0.1003058345190116
2019-06-13,38.65464982977868,38.85276625134805,38.18504177824452,38.8014030456543,4179800,37.44909466469386,37.39664461219105,0.052450052502813,-0.3975436918921617,75.49317898788634,109.80467999366964,27.22260066070338,-0.321867334540002
2019-06-14,38.61795536252123,38.661979360100766,37.42192064445486,37.531986236572266,3919300,37.46184721421361,37.40666991770076,0.055177296512852,-0.3069994942111589,62.3026791203469,60.8728674110388,23.870285142234675,-0.5888402312994003
2019-06-17,36.7321822786888,36.930298654194864,35.99107997041607,36.21120834350586,5787300,37.269441234104725,37.318117208501135,-0.04867597439641,-0.2553347902482091,56.21600019113525,-25.46302134861095,21.242654358976463,-0.1250614573558171
2019-06-18,36.50472302345474,37.10640868654771,36.24790699618997,36.40199661254883,5014200,37.13598821540382,37.250256423615774,-0.1142682082119534,-0.227121473840958,56.622539927096206,-20.797310440806623,18.76142539024333,-0.1750247813761234
2019-06-19,36.65147010311658,36.864262089562615,35.46277457734776,35.5875129699707,5404000,36.89776125456796,37.12709024186429,-0.2293289872963271,-0.2275629765320318,50.11788161851278,-63.56281917529836,15.054395414767365,-0.4195865954344089
2019-06-20,36.02410198448219,36.387313952321136,35.67556281613935,35.90303039550781,4228300,36.74472573778948,37.03641914213418,-0.2916934043446986,-0.2403890620945652,59.47594367143638,-76.11198941694435,12.415691623943053,-0.2099053303245455
2019-06-21,35.822321221266066,36.15251523971341,35.44810319974884,35.48479080200195,9478500,36.55088959382217,36.92148370953179,-0.370594115709622,-0.2664300728175766,51.84845468016367,-107.53242433136626,9.577008590405525,-0.2892348635941744
2019-06-24,35.59484903730906,36.46802897384767,35.45543504701831,36.37997817993164,4602300,36.52459553014671,36.88137218882067,-0.3567766586739651,-0.2844993899888542,48.26214541560961,-74.04662616455265,11.883121039538397,-0.2635718757020576
2019-06-25,36.31393915543901,36.85178599381947,35.9910815813116,36.46068954467773,4005200,36.51476384007455,36.850210511476746,-0.3354466714021953,-0.2946888462715225,46.67343167246588,-46.85687491560108,14.793676131348615,0.0484278889802786
2019-06-26,36.57808915750091,37.58334661275467,36.54874076101172,37.018348693847656,5244400,36.59223843296272,36.86266519165237,-0.270426758689652,-0.2898364287551483,46.89095144824312,-0.3050940498461604,14.962617067632722,-0.3525632838408152
2019-06-27,37.13574856648684,37.524642088936,37.07777953866164,37.35587692260742,4097200,36.70972127752344,36.89919939394533,-0.1894781164218884,-0.2697647662884964,48.05581529390056,22.11078784190748,16.152409679434555,-0.2977177506545558
2019-06-28,37.45127573759368,37.56867774182408,36.01310048600027,36.18186569213867,6507400,36.62851272592579,36.84606356418188,-0.2175508382560878,-0.2593219806820147,39.78786485865319,-28.108403464800325,16.50772701307251,-0.2277211025357246
2019-07-01,36.68815526608845,36.83490844696962,36.33594931142409,36.80555725097656,4641700,36.65575034516437,36.84306309653704,-0.1873127513726658,-0.2449201348201449,41.99321586566351,-15.709148845743773,16.87985778983927,-0.0594795429044299
2019-07-02,36.68815484025608,36.732181633734655,35.77828736862074,36.24789810180664,4725800,36.59300384618626,36.79897680063108,-0.2059729544448174,-0.2371306987450794,37.17841245954742,-48.08206525966156,18.73749847387094,-0.5209251898340881
2019-07-03,36.29191656112385,36.431333319667424,36.10113941664797,36.19652938842773,2479400,36.53200777576188,36.7543510663938,-0.2223432906319189,-0.2341732171224473,34.86777373770323,-41.30998767921032,20.34036239158428,-0.4314104339906147
2019-07-05,35.96173448500769,36.22588969429721,35.92504688351405,36.18186569213867,2529800,36.47813976289677,36.7119447423749,-0.2338049794781298,-0.2340995695935838,40.81836379126245,-54.66137375715695,22.15427359536482,-0.6999863066843578
2019-07-08,36.20387754413752,36.32127954788447,35.50313232243088,35.60219192504883,5936000,36.34337855707401,36.62974082998037,-0.2863622729063593,-0.2445521102561389,45.394043674794375,-96.86110245634433,23.69841905848586,-0.423432547909518
2019-07-09,35.440766394369135,35.536156405939884,34.853756321404546,35.125247955322266,4967400,36.15597384911221,36.51829691333903,-0.3623230642268211,-0.2681063010502754,40.74462860379094,-175.36949506393586,24.50645211967601,-0.5549464147876609
2019-07-10,35.47011165435501,35.52881125227325,34.868426080500186,34.890438079833984,3507400,35.96127603845402,36.397714777523845,-0.4364387390698283,-0.301772788654186,44.48312882139049,-153.8978629612465,26.015063698252032,0.029291458427906
2019-07-11,35.022516502110584,35.26465969684521,34.618947309970615,35.0592041015625,4202000,35.82249574047071,36.29856583856375,-0.4760700980930394,-0.3366322505419566,43.16287396424977,-138.62464148024833,26.83061320489024,-0.4305563447376092
2019-07-12,35.558157049647654,36.71750402259002,35.27932910349112,36.47536087036133,4328400,35.92293652968465,36.31166176684505,-0.3887252371604006,-0.3470508478656454,56.908867611077945,2.144710558872182,27.920632239175045,-0.5668929194410642
2019-07-15,36.51939077153856,37.38523147595686,36.43867638058842,37.37055587768555,4923800,36.14564719860786,36.39009836764805,-0.2444511690401896,-0.3265309121005543,56.90891347056407,101.45158376370482,26.02127981198732,-0.3626584783196449
2019-07-16,37.38522922729608,38.62895741536892,37.38522922729608,38.39048385620117,6011200,36.49100668439144,36.53827507050384,-0.0472683861123925,-0.270678406902922,61.900476034096805,174.31988222781456,22.99943939525985,-0.3603809697863956
2019-07-17,38.2730910452576,38.375817452503945,37.590690998167176,37.8621826171875,4417500,36.70195682789853,36.6363422961841,0.0656145317144236,-0.2034198191794528,55.22258664961738,135.30537002694362,21.71073765683945,-0.7111743427813053
2019-07-18,37.82549486800119,38.19237649193735,37.6273784551855,37.97224807739258,3620300,36.89738625089761,36.73529827997732,0.1620879709202896,-0.1303182611595043,53.925313654857696,122.41120773194754,21.176538227443327,-0.2980492461938411
2019-07-19,37.98692669690671,38.03095350294815,37.78881026834751,37.80348587036133,3221500,37.03678619235357,36.81442328667243,0.2223629056811376,-0.0597820277913759,61.8435848200803,97.63681879659136,21.31011499092623,-0.1369890155536788
2019-07-22,37.79173854371092,37.84016550097406,37.12841434827361,37.33386993408203,2814900,37.08249138338872,36.85290081611018,0.2295905672785352,-0.0019075087773937,53.94739842348043,57.64895293279218,21.29108771026974,-0.423100585964593
2019-07-23,37.42191560297483,38.81606651958196,37.38522801023967,38.61061096191406,4387700,37.31758670316184,36.9831015676512,0.3344851355106399,0.065371020080213,65.94059854422629,95.32420111337454,21.35361816054256,-0.4620643235743046
2019-07-24,38.52255581532848,38.88210090120165,38.18502552186947,38.735347747802734,3516400,37.53570378695275,37.11289758099576,0.4228062059569879,0.136858057255568,66.96082528873893,98.49839985274694,20.592084513991505,-0.3778138091930976
2019-07-25,37.89152789928412,38.14834667636243,36.90828518497442,37.25315475463867,4254600,37.49223470505828,37.12328700126561,0.3689477037926707,0.1832759865629885,55.98359216664877,26.69548554408043,19.830550867440454,-0.3019107075837942
2019-07-26,36.886271751713686,36.90828374923284,35.89568987708991,36.03510665893555,5066000,37.26806115950094,37.04268104998189,0.2253801095190439,0.1916968111541996,52.25705341622813,-46.80968441873729,19.25164252208821,-0.5680437693372369
2019-07-29,35.60218999597242,35.86634518986116,35.2059572051393,35.257320404052734,4219800,36.95871642789352,36.9104321132464,0.0482843146471196,0.1630143118527836,50.66763238296667,-102.84238427570772,19.088565005325982,-0.5549259539693594
2019-07-30,35.05920210371689,35.54348566650488,35.05920210371689,35.514137268066406,4194300,36.73647348022781,36.80700286545529,-0.0705293852274806,0.1163055724367308,53.14582922064154,-111.36242707080116,18.92097343431931,-0.4713122790510004
2019-07-31,35.58017030994662,36.269906545700834,35.18393760470993,35.543479919433594,5188500,36.55293600933639,36.71340857315738,-0.1604725638209885,0.0609499451851869,52.47744635874906,-100.84085501551958,19.750716542012984,-0.5703356883355549
2019-08-01,35.330690897531014,35.66088202067422,34.32543353440833,34.37679672241211,5803200,36.21814534980958,36.54032621384292,-0.322180864033335,-0.0156762166585174,38.98300807941312,-138.04161547251692,19.03922468303796,-0.3703300203861935
2019-08-02,34.2594043931045,34.85375362040716,33.290837148001,33.45960235595703,5346400,35.79375411998611,36.31212444659212,-0.5183703266060036,-0.1162150386480146,29.5156850216365,-146.31165468774023,21.27026987730985,-0.1736500471830368
2019-08-05,33.06336646529293,33.11472965863281,32.33693976092525,32.8505744934082,5147300,35.34095725435874,36.05571333894886,-0.7147560845901211,-0.2359232478364359,19.67860769811523,-159.3616489299027,21.025307539239428,-0.5110790046552817
2019-08-06,33.1000640209894,33.349543663320034,32.0911394496513,32.601104736328125,4702800,34.91944148235403,35.7998164054214,-0.8803749230673645,-0.3648135828826217,20.29815555500041,-134.48006106143063,22.937629350790772,0.0449326307113681
2019-08-07,32.35895930608938,33.019347373187024,32.21954529151755,32.93863296508789,4490100,34.61470171046693,35.58787689132262,-0.9731751808556908,-0.4864859024772355,22.29389636425788,-114.4107552526012,23.80868098206874,-0.5373409401625395
2019-08-08,33.16389619967914,34.35479474690168,33.158759879380746,34.33278274536133,4573400,34.571329561989145,35.49490695458475,-0.923577392595604,-0.5739042005009092,33.16718038282646,-58.01702677539387,26.98507363404016,-0.4147163486729066
2019-08-09,34.0612846789109,34.47953225692951,33.82648069070515,34.222713470458984,4468000,34.51769631713835,35.40067040020506,-0.8829740830667063,-0.6357181770140686,34.36571345758138,-40.86712878402309,28.08792329611639,-0.4750155863853601
2019-08-12,34.03927723765291,34.340120062767724,33.40090398418192,33.52564239501953,4491600,34.36507263681238,35.26177943685798,-0.8967068000455996,-0.6879159016203749,22.86603536998437,-50.44462235364396,27.020604303339656,-0.1700550312442439
2019-08-13,33.59167050682998,35.044520965545054,33.44492014058136,34.37679672241211,5407300,34.36687634228926,35.19622516171384,-0.829348819424581,-0.7162024851812162,28.415609204661123,-13.30646144449472,29.552115807439176,-0.0739212650805711
2019-08-14,33.6063390375355,33.86315772264206,32.28556642540381,32.344268798828125,6178300,34.055705950987544,34.98496913483341,-0.9292631838458688,-0.7588146249141468,26.946811068239384,-93.93425911195716,32.0836273115387,-0.3198202840983868
2019-08-15,32.53505457428408,32.55706657063561,31.522460755853995,31.830642700195312,3494600,33.71338852778874,34.75131532486022,-1.037926797071485,-0.8146370593456145,28.855991494628697,-136.04427626971588,34.7022792550989,-0.5526870414614677
2019-08-16,31.764604788722288,32.87992501968634,31.38304764662269,32.659793853759766,4586000,33.55129703947659,34.59638780848241,-1.0450907690058244,-0.8607278012776565,37.00432625472457,-94.6171175803954,37.55563886408642,-0.3675563017075712
2019-08-19,33.28350074725709,33.6525824448118,33.12941113987349,33.45960235595703,3615500,33.537190165088965,34.51218147866572,-0.9749913135767514,-0.8835805037374754,40.250673386045705,-7.8743584859702755,36.95699204760651,-0.4821778312325477
2019-08-20,33.20277718977191,33.20277718977191,31.603173556481604,31.669212341308597,5972800,33.249808961430446,34.30159117219482,-1.0517822107643724,-0.917220845142855,34.24819344080045,-95.46401995388914,34.882494586546414,-0.2746996140728394
2019-08-21,32.17551368602823,32.461683671790624,31.72792050632513,31.75726890563965,4397800,33.02018741438571,34.113122856153694,-1.0929354417679846,-0.952363764467881,38.32571842903178,-99.29648449184724,34.19223188976192,-0.4401443153619766
2019-08-22,31.78661968661611,32.212203660557805,30.832728143854357,30.854740142822266,6072100,32.687041680299025,33.871761173684696,-1.1847194933856713,-0.9988349102514392,38.37588281115944,-142.04168488354898,31.286972786094477,-0.4263792760097064
2019-08-23,30.81804933750205,30.83272493498141,29.67337792586744,29.87149429321289,6696800,32.25388054382424,33.575445108464564,-1.321564564640326,-1.0633808411292165,37.135601110530175,-189.72960861318631,30.155045530019684,-0.3883199182649453
2019-08-26,30.2823995702218,30.34109915513312,29.798116098597585,29.952205657958984,3402400,31.89977671522958,33.30705700101971,-1.407280285790126,-1.1321607300613985,38.39222311227963,-151.05089421510436,28.464164351940475,-0.1093051930268605
2019-08-27,30.22369811842406,30.619930825360548,30.024848404995826,30.209022521972656,4152200,31.63966068549775,33.07757296553474,-1.4379122800369937,-1.1933110400565174,37.95332181783287,-112.72105849412613,26.49381576807557,-0.1011601025238632
2019-08-28,30.19434947792761,31.287654813329095,29.90817954808885,31.199604034423828,4539300,31.57195966225561,32.93846415582282,-1.3665044935672128,-1.2279497307586569,35.6614796113427,-73.98472487463064,23.56993463408455,-0.3864046193193644
2019-08-29,31.58009611405676,32.079945054672976,31.490568636922777,31.609935760498047,3292500,31.57780213890829,32.840054645058025,-1.2622525061497356,-1.2348102858368726,38.3628304600777,-12.787618105778812,23.17414574609808,-0.2317535858601331
2019-08-30,31.95311508599307,32.07994139522706,31.53532877816929,31.803905487060547,4099200,31.61258726939325,32.76330285557673,-1.1507155861834804,-1.2179913459061942,41.97168282256779,1.3678571701533744,23.993015679690053,-0.7508480192295143
2019-09-03,31.43834020241536,31.505484375559856,30.699757143762152,31.18468475341797,3343300,31.54675611308937,32.64636818134275,-1.0996120682533856,-1.1943154903756326,34.78637845872798,-35.34620186629305,23.281516423630443,-0.6066509460409483
2019-09-04,31.77406278113399,31.923272379047702,31.221988122634137,31.73676109313965,2651400,31.575987648481718,32.57898987851289,-1.0030022300311785,-1.1560528383067417,46.628895843763,13.631557005176251,22.927516364139137,-0.4095750525593757
2019-09-05,32.191853368301,32.80361023978109,32.14708962919145,32.3485221862793,4041400,31.694839115835187,32.5619181976067,-0.8670790817715144,-1.0982580869996963,52.84278940504519,80.09698712992682,23.06222840799181,-0.0971237258477644
2019-09-06,32.48280420133289,32.57232881609678,31.82628371921327,32.25899124145508,3217900,31.78163175054594,32.539479163817695,-0.7578474132717545,-1.030175952254108,47.605441655943714,62.54751051019738,23.57529822965693,-0.4382987320423126
2019-09-09,32.47534205031731,33.29375360998905,32.27390953330589,33.161705017089844,3848000,31.99395071462962,32.58556996776378,-0.5916192531341622,-0.942464612430119,48.24185779697749,131.2731316510798,24.99332863694756,-0.3559777351239553
2019-09-10,33.64663997618891,34.594117794763314,33.407905721454526,34.55681610107422,4704000,32.38823769715955,32.73158819986085,-0.3433505027012984,-0.8226417904843549,67.87623267384485,200.2807136273239,25.32054738813213,-0.2251312234080754
2019-09-11,34.70601364689614,35.10141658511872,34.00473237334488,34.97459030151367,4445000,32.78613809782942,32.897736503686986,-0.1115984058575634,-0.6804331135589967,69.13620191311762,181.72347987011813,26.09997268716216,-0.0360132530331611
2019-09-12,35.116347614393845,35.2058722422405,33.99727980553251,35.041744232177734,3649700,33.1331544261907,33.0565518909826,0.076602535208103,-0.5290259838055769,77.65159531050662,141.70157129678245,26.757484175285526,-0.2633389907960708
2019-09-13,35.54157966346151,36.13841503245764,35.25062259894687,35.95936584472656,4027600,33.56795618288852,33.27157514681548,0.2963810360730434,-0.3639445798298528,90.5567451711293,154.6056249605506,28.4011598050952,-0.0710807444734705
2019-09-16,36.32493689459024,37.28733580960663,36.01905850058538,36.56367111206055,5040600,34.02883540276114,33.515434107204,0.5134012955571379,-0.1884754047524547,91.17256904158506,151.30732004991546,28.355274273775876,-0.2922540927926699
2019-09-17,36.310014264672645,36.62335469185564,35.51920826670539,35.81016540527344,3741900,34.302886172378415,33.68541420335729,0.6174719690211248,-0.0272859299977388,82.84874381977225,102.93439845862464,29.116426433938067,-0.3813965044915676
2019-09-18,35.73555526632892,35.73555526632892,35.0790348946736,35.44459533691406,2588200,34.478533736153125,33.815723916954084,0.6628098191990404,0.110733219841617,76.86483605144494,69.49218431309892,29.49087990367113,-0.5324494116581403
2019-09-19,35.89969298639827,36.11604676994559,35.42968657571664,35.54159164428711,2418300,34.642081106635274,33.943565970830605,0.6985151358046693,0.2282896030342274,75.90941634053439,70.60940950819324,27.74663502276381,-0.3151936481396357
2019-09-20,35.41476321968584,36.44430344965953,35.11634402941338,35.966835021972656,10570400,34.845889401302564,34.09343775239668,0.7524516489058826,0.3331220122085585,76.62201556892947,68.7608052966097,26.315237513286604,-0.3457855060696602
2019-09-23,35.3550904201983,35.97057843341039,35.153657824277765,35.74303436279297,3599400,34.98391170307032,34.215630093907514,0.7682816091628055,0.4201539315994079,80.70354759504157,52.89437648748832,23.512535964446062,-0.3099771071639325
2019-09-24,35.64603867046944,35.81016952482459,34.280777437222525,34.76570510864258,4515300,34.950341457773746,34.2563763912953,0.693965066478448,0.4749161585752159,69.29652760951787,9.762307227801529,20.94985680723275,-0.507645316173633
2019-09-25,34.72840217995492,35.78778780385439,34.415064573831714,35.571434020996094,4396200,35.04589415980795,34.35378806756943,0.692106092238518,0.5183541453078764,70.03703997081958,19.55591187754006,19.001118214164386,-0.2866014001461175
2019-09-26,35.44461721303859,35.57890561843923,35.01489488494404,35.23572540283203,2994200,35.07509896642704,34.41911675907036,0.6559822073566792,0.545879757717637,67.95687770187459,6.372568919066888,15.578773969147688,-0.3210357709063424
2019-09-27,35.362548396614805,35.72064979948961,35.07158833871311,35.11635208129883,3722300,35.08144559948424,34.47076381997618,0.610681779508063,0.5588401620757222,63.021913147431015,-11.685028482261446,14.136973686348211,-0.3663257360458374
2019-09-30,35.25809318768074,35.65349905971701,35.146188120676726,35.54905319213867,2512200,35.15338522912339,34.55063710680303,0.6027481223203566,0.5676217541246491,57.58264977182873,-4.41739385388077,14.614714464522818,-0.2907814662903547
2019-10-01,35.7654072385101,36.23541652944246,34.243477134909334,34.29570007324219,3838400,35.021433666680124,34.53175288209482,0.4896807845853033,0.55203356021678,45.39946985861345,-101.68850095036952,14.616046680906424,-0.3043947188477767
2019-10-02,33.325840177557005,33.69886280508786,33.09456796988742,33.519813537597656,4759500,34.790415185282825,34.45679441213207,0.3336207731507556,0.5083510028035751,40.590408166827125,-282.69685945792713,14.599425465680223,-0.708972818735573
2019-10-03,33.46013120156009,33.86299635422967,33.10202979227724,33.803314208984375,3422400,34.638553496621526,34.40838847115816,0.2301650254633642,0.452713807335533,35.535685038080416,-189.81913683852727,16.638804542889297,-0.2988876104354858
2019-10-04,33.70632029760149,34.15394625178904,33.57949114148863,33.825687408447266,3512300,34.513497175363945,34.36522542947587,0.1482717458880742,0.3918253950460412,30.07600446366609,-124.55701830975774,16.757776281062313,-0.6006911107235484
2019-10-07,33.631722639950894,34.146492859401896,33.396716554991414,33.6988639831543,2977900,34.38816899194708,34.31586532234094,0.0723036696061356,0.3279210499580601,33.09441032567692,-108.0643254807306,16.634886109868273,-0.1911383162845265
2019-10-08,33.385514841478226,33.609327779608215,32.69915478508813,32.714073181152344,2985900,34.13061579028635,34.197214052623266,-0.0665982623369174,0.2490171874990646,30.10870060591779,-134.2713470230369,15.865944512030552,-0.4579538359091832
2019-10-09,33.11694831025616,33.22885623652997,32.82599111706839,32.83345031738281,2844600,33.93105187137812,34.09619451667953,-0.1651426453014153,0.1661852209389686,30.335861141718468,-111.5399697198218,16.173653297753663,0.1650364196726254
2019-10-10,33.07218425021894,33.78838694118025,32.84090921949879,33.51234817504883,4325000,33.86663591809669,34.0529466395217,-0.1863107214250092,0.0956860324661731,32.81086120810103,-69.94156765951583,15.507705439178348,-0.0417493859475309
2019-10-11,34.13156678508443,35.60127669177572,33.94729239725919,35.161109924316406,3675700,34.065785765207416,34.13503280876575,-0.0692470435583345,0.0626994172612715,46.60273655329687,47.422926801259,17.697582524118378,-0.0696382900843253
2019-10-14,34.855229084512274,35.26555333329584,34.49712776670464,34.929832458496094,3196500,34.19871602571337,34.193906856893925,0.0048091688194418,0.0511213675729056,51.04960170024497,47.49786326815872,18.2407864265055,0.0379655599180194
2019-10-15,34.929835164099735,35.8847720855545,34.713481378477475,35.21333312988281,3216800,34.35481096481636,34.269419914152365,0.0853910506639934,0.0579753041911231,47.54601900571343,76.28068787640866,18.473525632145037,-0.5693152489570471
2019-10-16,35.42968714442987,35.75048395623046,35.071582950633974,35.153648376464844,3626900,34.4777090281469,34.3349183187681,0.1427907093787936,0.0749383852286573,49.41543092814876,79.92641593617267,19.99616733456022,-0.3398864576593041
2019-10-17,35.39238013559842,36.21303149063385,35.16856716456561,35.668418884277344,2724400,34.66089515985927,34.43369613843545,0.2271990214238215,0.1053905124676901,53.72228432273772,102.2457077642394,22.294123430808664,-0.4575979853315012
2019-10-18,35.74301372056494,35.952653878578126,35.33268956403883,35.78031539916992,2757600,34.83311365821476,34.53344571330467,0.2996679449100838,0.1442459989561689,51.629779061489856,99.4537483229354,24.48040548299928,-0.4616980254650116
2019-10-21,36.25033571086553,36.53383367848039,35.1312679315788,35.153648376464844,3967000,34.88242669179169,34.57938665131653,0.3030400404751603,0.1760048072599672,56.63203983010165,85.27003007584293,26.6722653204328,-0.4181134261190891
2019-10-22,35.12380578435208,35.350601293474845,34.3329969288167,34.929832458496094,4645400,34.88971988666929,34.605345599996504,0.2843742866727865,0.197678703142531,61.91671825028372,28.317172974215044,29.00399240038278,-0.1486084163188934
2019-10-23,34.900004389330434,35.44461721303859,34.72841428152683,35.23572540283203,4152000,34.94295150454048,34.65204040020654,0.2909111043339436,0.2163251833808135,62.06031797013008,41.90509286560859,27.522951133369634,-0.3876996420856033
2019-10-24,36.29510345893206,37.29480423278077,35.69080576677606,36.9068603515625,6098900,35.24509132715926,34.819064100306974,0.426027226852284,0.2582655920751077,70.30482718884163,141.0950461080881,30.952922681568957,-0.4191950542422441
2019-10-25,37.13814130753288,37.86926550145365,36.48162336560658,37.66037368774414,5361100,35.616673228787704,35.02953147715417,0.5871417516335313,0.3240408239867924,74.11443002796707,170.01352481557606,33.308087660018266,-0.6000622279114194
2019-10-28,37.861798789576646,38.37656901951832,37.623064522420776,38.20497894287109,4504100,36.01487410787746,35.26474980794802,0.7501242999294391,0.4092575191753218,85.31675968935949,189.42227773715945,34.430392916306815,0.0551218895448578
2019-10-29,38.018458290459485,38.518309996253606,37.57829155977832,38.41386413574219,3462100,36.38394949677973,35.498017535932775,0.8859319608469534,0.5045924075096482,85.4838991363778,157.48418661787247,35.79369892685126,-0.3301354915731483
2019-10-30,38.1975078517233,38.39894036054588,37.54844944280793,38.0706787109375,3602100,36.64344629895785,35.68858503037757,0.9548612685802808,0.5946461797237748,80.27748258892532,115.53217375978488,37.45211390801154,-0.412330196549495
2019-10-31,37.9587848113396,38.07068989627297,37.08591034998742,37.66782760620117,3744000,36.80104342314913,35.835195591549684,0.9658478315994472,0.6688865100989093,69.95260231796223,76.1050172185677,34.887067267381624,-0.3568927282957654
2019-11-01,38.03338932867268,39.15991933357785,37.97370718412651,39.02563095092773,3207100,37.143287658192,36.0715241366888,1.071763521503193,0.7494619123797661,77.64365605450416,117.75555900901944,34.894514134640495,-0.1297429042557875
2019-11-04,39.27928278937741,40.5923211517097,39.13753237322595,40.41326904296875,5430200,37.646361717388416,36.39313487048732,1.2532268469011,0.850214899284033,80.54350066772426,153.4512944196432,34.62833233501475,-0.3485272364182906
2019-11-05,40.29389946431052,41.03248545470733,40.02532558646641,40.43564987182617,6044500,38.0754829719173,36.69258042614205,1.3829025457752593,0.9567524285822784,81.1621020299494,147.7625830086861,33.373093361322034,-0.3352120593190193
2019-11-06,40.40580238098024,40.83850990373187,40.14468773513784,40.49532699584961,3847000,38.44776666790689,36.974265357231495,1.4735013106753954,1.060102205000902,80.09314201374536,126.29725527654423,31.47380222795717,-0.4307840783149004
2019-11-07,40.98772271754416,41.7337679258092,40.599778867733946,41.62932205200195,5974300,38.93723672699844,37.31908437165894,1.6181523553394968,1.1717122350686209,82.34338177409107,138.5673988913777,30.43995476505609,-0.1920992948913148
2019-11-08,41.40550898409212,41.77107238769531,41.04740762628264,41.77107238769531,4812000,39.373211444028726,37.64886126173571,1.7243501822930156,1.2822398245134998,88.66614657631955,120.900140428114,28.636648964676382,-0.1209724384825677
2019-11-11,41.44281025429993,41.96504246302714,41.196616818403854,41.63678359985352,3184900,39.72145331415561,37.9442629164111,1.777190397744512,1.3812299391597025,89.60360512152148,104.75026854888986,26.954846850159672,-0.1169438467671474
2019-11-12,41.7785297135941,41.860595138024216,40.68184239791258,41.151851654052734,2742700,39.9415145972167,38.18186208216233,1.7596525150543698,1.456914454338636,84.21054721363765,78.0879448794819,26.418763794420816,-0.4968616829386779
2019-11-13,40.428186535725104,40.64454031696864,39.88357390585915,40.03278350830078,3426000,39.95555596815272,38.3189673729874,1.636588595165314,1.4928492825039714,69.30875649875775,26.34858586777094,22.686589438096323,-0.5596484799558917
2019-11-14,39.76420360613496,40.39088160941464,39.65229854772488,40.2491340637207,2595500,40.00072182900933,38.46194268341209,1.538779145597239,1.502035255122625,67.12729603811965,14.744372267086725,20.96449959179194,-0.5738833512251194
2019-11-15,40.48787654881611,41.24884305453434,40.39088986828051,40.92804336547852,3865000,40.143386680773816,38.6446168080096,1.498769872764214,1.501382178650943,67.70128207735115,50.957737885993886,22.890672397813688,-0.3432301967404783
2019-11-18,40.84597668118808,40.96534380514039,40.37596738552856,40.525177001953125,3439900,40.20212365326294,38.783917563116525,1.4182060901464126,1.4847469609500368,63.38697786558359,30.034878678700625,24.534185974931457,-0.0483119578825103
2019-11-19,40.89073396728845,40.89073396728845,39.383722486488416,39.83134841918945,5208300,40.14508130955932,38.86150503393674,1.283576275622579,1.4445128238845453,60.688423501012224,-26.9566062008508,26.5027830744266,0.131787402762307
2019-11-20,39.6448353685336,39.87611036946135,38.86894779697225,39.294193267822266,5394100,40.0141754569844,38.893556014224565,1.120619442759832,1.3797341476596028,59.71469899020833,-119.5195961494616,29.87886698650957,0.1883055243641138
2019-11-21,39.324036609675936,40.22675049929719,39.05545991783644,40.1969108581543,4618400,40.04228859562592,38.99010081747862,1.0521877781472997,1.3142248737571425,57.39859355301357,-87.31782772310507,31.23184221669356,-0.3298142311664728
2019-11-22,40.27151901930765,40.77882997624077,39.98802105021289,40.43564987182617,3115600,40.10280571504134,39.09717852520807,1.0056271898332767,1.252505336972369,50.16537577536631,-21.837108715462367,29.06808316882021,-0.6525478808378632
2019-11-25,40.898203645638674,41.20408210874498,40.55502348623881,41.18170166015625,5073700,40.26878970659748,39.25158764631534,1.0172020602821377,1.205444681634323,54.9800997685309,44.68744108503866,27.70605722694943,-0.0532564322153727
2019-11-26,41.21899664503673,41.59201923910946,40.89819698645926,41.30852127075195,4643800,40.42874840877509,39.40395309997732,1.0247953087977777,1.169314807067014,55.38006790009419,67.94962076294458,27.518377499974125,-0.4770815838128328
2019-11-27,41.31607225050183,41.482304625758566,40.72670711259266,41.01383209228516,3926000,40.51876128316125,39.52320339570382,0.9955578874574372,1.1345634231450985,45.41921167525113,49.7546549266534,25.78393657313122,-0.0756938260580812
2019-11-29,40.80982637204932,41.01383807625477,40.13734494839591,40.32624435424805,1887600,40.48914329409768,39.58268791115154,0.9064553829461416,1.0889418151053072,40.05487825691952,-10.31569183444665,25.15169049515197,-0.460382435315599
2019-12-02,40.04667650958069,40.61337476207476,39.96356030470135,40.167572021484375,3349500,40.43967079061871,39.62601266006508,0.8136581305536268,1.033885078194971,39.92087331408291,-33.32526068563006,23.99001525559993,-0.4065889013931155
2019-12-03,39.26084299677567,39.29862229298007,38.57324942930362,39.155059814453125,3950100,40.24203833274708,39.59112726409383,0.6509110686532509,0.9572902762866272,37.22620184693415,-175.8818870464407,22.453224870111587,-0.0811964739114046
2019-12-04,40.41691501464014,40.41691501464014,39.44974817155503,39.50263977050781,3791400,40.12828470778719,39.584572634939306,0.5437120728478817,0.874574635598878,46.23716878182759,-63.4701608002437,24.147225480175297,-0.469581549791129
2019-12-05,39.69154248067823,39.782216271358685,39.04928564976077,39.29107666015625,2692600,39.99948346969012,39.562832192362784,0.4366512773273356,0.7869899639445697,43.19531725418646,-99.6316641378328,24.9059481499689,-0.0672442599692765
2019-12-06,39.7368748110224,40.613367843608025,39.7368748110224,40.2129020690918,2818800,40.0323171003673,39.61098551656494,0.4213315838023632,0.7138582879161285,45.09007423424329,-0.2230032013922875,23.216724505680705,-0.4253470633178949
2019-12-09,40.772044115561776,40.787156412821,40.03911643393341,40.25068283081055,2377200,40.0659118281278,39.65837050280536,0.4075413253224482,0.6525948953973926,48.01595026323669,24.11585064819101,20.992190364390403,-0.3015824606021245
2019-12-10,40.3186768840323,40.3413438831993,39.8124251377588,40.14488983154297,2609700,40.07806229019168,39.69440897160073,0.3836533185909445,0.598806580036103,52.47683121820451,-9.801769874786627,18.767656223100094,-0.5183125424843568
2019-12-11,40.42446687269385,40.8551572237381,40.08444741598108,40.12222671508789,3253300,40.08485681709878,39.726099174822,0.3587576422767853,0.5507967924842395,57.11981243349694,15.570956292398844,17.131829521325773,0.2347658240998333
2019-12-12,40.235574279370766,41.24052052284682,39.91066706398951,41.14229202270508,2882300,40.247539156422825,39.83100234873926,0.4165368076835634,0.5239447955241043,57.96802578308667,66.12539609449937,16.031222638655724,-0.0174761454109102
2019-12-13,41.28584904499984,41.42185683252828,40.23556892760036,40.25823593139648,3198600,40.24918481411108,39.86264928078794,0.3865355333231406,0.4964629430839116,48.65139007617031,43.7318121306024,19.187377833927822,0.0764207498958477
2019-12-16,40.50758846470686,41.21029447487688,40.43202697403602,40.93072128295898,4040000,40.35403657854922,39.9417657253932,0.4122708531560164,0.4796245250983326,48.07059669479751,77.40247609007169,23.05387370591633,-0.3566295802593231
2019-12-17,40.87782866535037,41.36141354650398,40.74937845796461,41.30096435546875,2665300,40.49971777499837,40.0424471053988,0.4572706695995734,0.4751537539985808,49.94400224782496,121.2466062595818,24.9725538014062,-0.5322542288763956
2019-12-18,41.07427752647476,41.32362318421689,40.45468785284218,40.99116134643555,3659100,40.5753244782964,40.11272223436448,0.4626022439319115,0.472643451985247,49.83238219229313,93.23500400475989,27.73050300227215,-0.1674721904098987
2019-12-19,41.12717889884794,41.45964081570351,40.84760858507449,41.19518280029297,3356000,40.67068729706509,40.19290449850734,0.4777827985577545,0.4736713212997486,56.91933082181919,112.24167400517196,29.24170636641349,-0.2265588489289467
2019-12-20,41.59564933099687,41.74676943483804,40.81738468742272,41.26318740844727,10476700,40.761841160354656,40.27218471405844,0.4896564462962161,0.4768683462990421,58.8521751566188,104.7116078272229,31.46827834974516,-0.3314232785593379
2019-12-23,41.172508691036406,41.59564144269627,40.96849702189653,41.50497055053711,2678600,40.87616875884426,40.36350218342724,0.5126665754170219,0.4840279921226381,71.68747698402137,105.36126672359458,33.3941401877987,-0.2699087980118664
2019-12-24,41.557869859209184,41.746769267660135,41.293411840328346,41.4823112487793,926200,40.969421449603495,40.44637692900887,0.5230445205946239,0.4918312978170353,69.436186221614,113.03834304212565,31.34781864181496,0.1150687992572784
2019-12-26,41.54274972471652,41.731649097536646,41.19517557049766,41.72409439086914,1909600,41.08552497902898,40.54102266692445,0.5445023121045338,0.502365500674535,73.74617913481836,112.25813905100884,29.301497095831216,-0.2187561392784118
2019-12-27,41.77699085120135,41.97344495357358,41.34630046159111,41.42941665649414,1688500,41.1384313909467,40.6068296291148,0.5316017618319009,0.5082127529060082,63.52939878766486,102.5871332548992,28.483075953353588,-0.3691289192065596
2019-12-30,41.45208853196763,41.59565105124706,40.98361878482433,41.05917739868164,1943300,41.12623846905977,40.64033687130493,0.4859015977548395,0.5037505218757745,58.372494674900295,33.40489906453904,27.70999335431358,-0.5275406870059669
2019-12-31,40.8173777787827,41.39163061733119,40.74937388768314,41.353851318359375,2145700,41.16125583049048,40.69318979330896,0.4680660371815222,0.496613624936924,62.048268804107,13.630516457478665,26.936910755273573,0.0893682236783206
2020-01-02,41.731656954487306,41.96589325853992,40.530256601864856,40.613372802734375,5145200,41.07696613391262,40.68727742363677,0.3896887102758484,0.4752286420047089,54.28202547710539,-35.23632822274046,25.427985603309697,0.1710984468460083
2020-01-03,40.12978933347063,40.500030546442666,39.60087043256304,39.60842514038086,5004300,40.85103675029234,40.60736243969189,0.2436743106004542,0.428917775723858,36.591735770888334,-263.3073137097419,24.930015652669148,-0.4662287779152393
2020-01-06,39.53286136523497,39.9559970071269,39.29107039340408,39.449745178222656,4293100,40.6354534315124,40.5216130129164,0.1138404185959984,0.3659023042982861,41.90615708106712,-240.27124215044316,22.44067659255056,-0.2358605526387691
2020-01-07,39.5101928248979,40.09577914104862,39.283514157924216,39.43463134765625,5122800,40.45071157245761,40.44109585252676,0.0096157199308493,0.2946449874247988,32.752450202164226,-166.2275516774192,18.36229839989652,-0.2234488225408963
2020-01-08,39.60086042485541,40.175113192300266,39.23061642307325,39.8426513671875,3629700,40.3571638485699,40.39676663139052,-0.0396027828206229,0.2277954333757144,33.33312987749052,-112.12053675286823,16.78273234376027,-0.1606125691905617
2020-01-09,39.85776697308259,40.099557935504606,39.14750638126488,39.43463134765625,2667800,40.21523577150626,40.32549735111391,-0.110261579607652,0.1601840307790411,32.601226167216865,-103.60908042537554,15.203166287624017,-0.4021280548934425
2020-01-10,39.94089379217092,39.9484485007189,38.83772187207507,38.91328048706055,3277300,40.01493495851461,40.22088869451736,-0.2059537360027548,0.0869564774226819,26.182708318236507,-106.80420889668596,16.421667562032603,-0.4349044509805165
2020-01-13,38.91328128973643,39.59332036813872,38.89061428124851,39.55553817749024,2665500,39.94425853066471,40.17160347103388,-0.2273449403691714,0.0240961938643112,34.084347801353886,-83.13544510900368,16.283319465385034,-0.3819859818156276
2020-01-14,39.43463755301556,40.02400563873974,39.25329574385126,39.47241973876953,3689800,39.87166794729622,40.11981208345874,-0.2481441361625229,-0.0303518721410555,30.478843021351523,-57.185852610146505,18.34913703473248,-0.1222852426581085
2020-01-15,39.43464128758894,39.78221840575988,39.06440004409622,39.49509048461914,2235400,39.813732953038205,40.07353640947063,-0.2598034564324223,-0.0762421889993289,30.91424677408719,-60.754520722876016,24.981075624718176,-0.2135442160069942
2020-01-16,39.72932430893365,39.94844542849063,39.41952651713948,39.65376281738281,3765600,39.789122162937375,40.042442069315975,-0.2533199063786,-0.1116577324751831,29.79344618498328,-36.26334601927315,28.99995641727153,-0.2993796754341859
2020-01-17,39.69153855256887,40.31868590534958,39.612201155357326,40.30357360839844,3897500,39.86826853916216,40.06178514628505,-0.1935166071228877,-0.128029507404724,39.72406041897191,17.274609959988286,32.0230167139748,-0.063306101039052
2020-01-21,40.03156226439478,40.16001536088515,39.44219703280994,39.74443435668945,4156000,39.84921712647405,40.03827768038907,-0.18906055391502,-0.1402357167067832,38.39991437560836,-9.161421866270038,35.61803771611018,-0.1414130691971097
2020-01-22,39.84264437846058,39.89553595766964,38.295180889547794,38.437232971191406,5149600,39.6319887948921,39.91968177600406,-0.2876929811119595,-0.1697271695878185,28.16732972165397,-171.0576900824613,39.21305871824557,-0.0904254923807457
2020-01-23,37.94610207401151,38.34656777073495,37.13761309248949,37.96876907348633,5797600,39.37610883775275,39.77516972396572,-0.3990608862129647,-0.2155939129128478,29.363110451461267,-303.1395184257565,41.78460586183762,-0.1062052153050899
2020-01-24,37.68920762147219,37.98389021277036,36.29890797653584,36.6389274597168,5919300,38.95500401036261,39.5428554821695,-0.5878514718068928,-0.2900454246916568,27.94608940826632,-261.20431923781973,43.30974475336965,-0.4442655914463103
2020-01-27,35.74732594442663,35.95133765629843,35.24107401888335,35.64909744262695,4827000,38.44640299994174,39.2544289607219,-0.8080259607801636,-0.3936415319093582,24.875109003802336,-238.6190198287452,45.567665650638176,-0.3040208909660578
2020-01-28,35.81532064072277,36.05711159654806,35.52819279978939,35.633975982666016,5813800,38.01372192036086,38.98624725864369,-0.9725253382828284,-0.5094182931840523,24.875083912038505,-160.08022800887525,46.24038172104879,-0.2614570305897639
2020-01-29,37.00916398731626,37.742094460578976,36.72203613969134,37.53052520751953,6828000,37.93938396453912,38.87841599559745,-0.939032031058332,-0.5953410407589083,37.22871206183048,-60.50471008624079,48.783645251910094,-0.169193048775196
2020-01-30,36.50292194033854,37.00917096054042,36.011782335996145,36.623817443847656,5644800,37.73698911520197,38.71140869546784,-0.9744195802658666,-0.6711567486603,35.28483009728127,-83.66931745437795,51.32690878277139,-0.3891838398926398
2020-01-31,36.04200384649961,36.1666781344869,34.697038242445345,34.81037902832031,7532200,37.28674140952787,38.4224435349384,-1.1357021254105248,-0.764065824010345,31.08010502462548,-120.38224897508884,51.98662591194768,-0.3996338607235388
2020-02-03,34.99172413487928,35.490418410518544,34.55347616536624,35.31663131713867,6364900,36.9836475491603,38.19238337065693,-1.2087358214966315,-0.8529998235076023,30.20463685829193,-106.07416883840472,53.88451466067938,-0.2812786055012391
2020-02-04,36.00422782964888,36.555813747646,35.84555013847411,36.30646514892578,5287000,36.87946564143191,38.052685724602775,-1.173220083170861,-0.917043875440254,36.36954583766093,-52.45241324788035,49.885575062512736,-0.2915197037160396
2020-02-05,36.93361680784789,37.58343129850181,36.66160117153914,37.48520278930664,5403200,36.972655971874175,38.01064995161787,-1.037993979743696,-0.9412338963009426,42.1301853278024,-2.9165578116476665,44.875368816437465,-0.3038013886946898
2020-02-06,37.485206197802576,37.52298551019703,36.691829108012,37.175411224365234,5985200,37.00384908764203,37.94878041626582,-0.944931328623788,-0.9419733827655116,40.40938989202823,0.4183268968768321,43.08602030337807,-0.243849454447627
2020-02-07,36.67669999290929,36.67669999290929,35.85309867781531,36.29134368896485,3802100,36.894232872460925,37.82600732535464,-0.9317744528937126,-0.939933596791152,34.75014339576244,-37.40775006389974,40.67738948656353,-0.1758107379078865
2020-02-10,36.11756410615566,36.81271538549373,36.11756410615566,36.41224670410156,2488300,36.82008115425179,37.72128431637293,-0.901203162121142,-0.93218750985715,36.89841994446273,-13.523914355090042,37.75175969043072,-0.0793938980334334
2020-02-11,36.67669742670513,37.78742361255635,36.646472839809455,36.86559677124024,3705400,36.8270835568654,37.6579000537705,-0.8308164969051077,-0.9119133072667416,43.37582823249839,60.40164898980924,35.84912029423475,-0.2210127535675253
2020-02-12,37.54563472241941,38.0594411980658,37.01671883487936,37.3114013671875,2964200,36.90159398922265,37.63223348439399,-0.7306394951713386,-0.8756585448476611,47.22400764213419,102.40287242906577,34.52583665016552,-0.2592833619564771
2020-02-13,36.94872159052696,37.01672548576845,36.28379493509631,36.495361328125,3302600,36.83909665674609,37.54802073207776,-0.708924075331673,-0.8423116509444635,49.36623382746943,17.533442455928554,33.2025530060963,-0.4641273117491177
2020-02-14,36.65403523518263,36.97894240653696,36.55580963072731,36.74470901489258,3207000,36.82457548107632,37.488516160434415,-0.6639406793580989,-0.8066374566271906,55.17484059700718,28.15618435051389,31.48985680297341,-0.184415818295545
2020-02-18,36.41224791248384,36.661596508175165,35.68611971362871,36.07223129272461,3594300,36.7088302213299,37.38360617023369,-0.6747759489037932,-0.780265155082511,51.94896185201421,-49.33124489613958,32.41111037665814,-0.5662915213033557
2020-02-19,36.13268001525413,36.4878118392362,35.82288508870903,35.93622589111328,5644900,36.58996801668118,37.27639281622477,-0.6864247995435875,-0.7614970839747264,41.59369358062118,-47.50309119399389,28.984388122187745,-0.1538134604692459
2020-02-20,35.90599434798537,36.88071583652974,35.845545163094656,36.84293365478516,4154200,36.62888580715872,37.244284730192206,-0.6153989230334886,-0.732277451786479,51.15534014951839,8.969557270828803,25.007477297988093,-0.3255972122916808
2020-02-21,36.70693060352962,36.85049310131681,36.32913182604928,36.495361328125,3972800,36.60834357961507,37.18880892263167,-0.5804653430166056,-0.7019150300325043,60.5089504087401,1.5621154712778165,21.60493033282109,-0.1775716968945095
2020-02-24,35.218401610572144,35.54330878160929,34.60636656881884,34.9388313293457,5075900,36.35149554111209,37.0221439157216,-0.6706483746095131,-0.6956616989479061,47.91665965474415,-230.6052245712271,18.013617975674315,-0.1667980982197655
2020-02-25,35.1352884748667,35.16173427562801,32.92894486170592,33.20851516723633,5529300,35.86796009897736,36.73965289731528,-0.871692798337925,-0.73086791882591,34.20646382345974,-267.44730934469,19.31141240655905,-0.4385367818176746
2020-02-26,33.58632240543178,33.91122968633579,32.505817333100175,32.52848434448242,6470700,35.35419459828583,36.42771448599433,-1.0735198877084997,-0.799398312602428,23.376582397786493,-224.3386666756959,18.1395248162083,-0.334465516731143
2020-02-27,31.745024925392304,31.84487408743336,30.33942484877449,30.37782859802246,10009300,34.58859982901454,35.979574790589005,-1.3909749615744644,-0.9177136423968352,19.51704420557226,-226.16492798936343,16.29008514414511,-0.7861996995141873
2020-02-28,29.27947862870349,31.09984711540025,29.22571276757942,31.03839874267578,10280000,34.042415046500885,35.61356175000284,-1.5711467035019524,-1.0484002546178588,25.961947681553426,-171.575989283163,14.860391252097482,-0.5879402697086334
2020-03-02,31.529968048194505,31.814159393310547,30.55449729061336,31.814159393310547,7706700,33.6996064844716,35.332124538396,-1.6325180539244002,-1.1652238144791671,30.14843208053929,-109.04717509133155,15.76215938920105,-0.2135386905417992
2020-03-03,31.760387019040824,32.83110075842596,30.52376977076213,31.153600692749023,6765300,33.30791328574505,35.02260425353326,-1.7146909677882078,-1.2751172451409754,25.772764523287336,-87.39632328909157,15.542239233898504,-0.373192026195201
2020-03-04,31.837198203433545,32.23660368799268,30.884769289481987,32.19051742553711,4967000,33.13600623032845,34.81282004405207,-1.6768138137236193,-1.355456558857504,29.317064016524057,-68.0886214451411,15.901913207063256,-0.3597266148775816
2020-03-05,30.74651758355845,31.20737148028328,30.462326251757155,30.80028343200684,5447400,32.77666426135589,34.51559510982649,-1.738930848470602,-1.4321514167801237,28.017535549420074,-83.906416186906,16.261587180228005,-0.57631963349524
2020-03-06,29.740322730852338,30.485364956917124,29.425407250552286,29.932344436645508,6928400,32.33907659601583,34.176095059961234,-1.8370184639454048,-1.5131248262131802,24.90338024736849,-96.9827873284478,16.641751400345544,-0.2301241553535586
2020-03-09,26.69101988359364,26.83695534038054,23.37288469649517,23.44969367980957,15081500,30.97147922429179,33.381546809579625,-2.410067585287834,-1.692513378028111,17.438226881854277,-211.20709786461768,16.60983090632975,-0.5021707870066165
2020-03-10,24.97049903567897,25.60033286837398,22.516463560742867,24.117923736572266,12975400,29.917086072334943,32.69535250787538,-2.7782664355404343,-1.909663989530576,20.32765177055431,-190.8608389641056,17.537506838927268,-0.3016768811004502
2020-03-11,23.18853822269104,23.296069893462423,21.391215201176852,21.49874687194824,12444100,28.62195696458314,31.865974312621518,-3.2440173480383727,-2.176534661232135,14.525625215464956,-185.4862899249628,20.08249820340728,-0.528806848941665
2020-03-12,19.5478115428554,20.269812150109125,17.197464651979203,18.18061637878418,18163300,27.015596874460226,30.852244095300232,-3.836647220840007,-2.5085571731537097,12.771428099531647,-181.05251662390225,21.239555904505064,-0.4573509686283375
2020-03-13,21.45266120396859,21.51410807976011,17.34339717350941,19.732147216796875,17350800,25.89506615789664,30.02853321541109,-4.1334670575144585,-2.83353915002586,19.082932089559066,-126.47694372428288,21.65413154138153,-0.2984801735728979
2020-03-16,17.742804915652002,19.53244705492067,16.859505411422354,16.89790916442871,12345400,24.51088815890157,29.05589439681981,-4.545006237918233,-3.175832567604335,18.263133060395703,-122.48167831320036,21.17297321640796,-0.3377945707179606
2020-03-17,19.716785700080063,21.19919326942721,17.466291428688518,20.43110656738281,19873300,23.883229452514072,28.41702122426892,-4.533791771754846,-3.447424408434437,28.8135429031677,-82.44201129820284,23.55554450481857,-0.4208990826916236
2020-03-18,19.079276880046407,21.72917701644538,18.82580828600028,20.308216094970703,16955900,23.3332273975074,27.816368992469048,-4.483141594961648,-3.65456784573988,31.01650830960177,-65.39635921950786,24.061584794918865,-0.2410413249085347
2020-03-19,20.18532062858505,24.079520276717485,19.916489968938848,21.59860038757324,13893400,23.066361703671376,27.355793540254545,-4.289431836583166,-3.781540643908537,32.6166496538941,-38.51475638235691,26.140795998065222,-0.3572537011932581
2020-03-20,21.95960306269194,22.804498886999884,20.423429369408197,21.076303482055664,12649100,22.76019890034588,26.890646128536105,-4.130447228190224,-3.8513219607648743,30.03995392304697,-38.05331685103023,27.334618308951963,-0.6727741792798042
2020-03-23,20.84587293075181,21.836705494141373,19.97793558930216,20.41574478149414,11703100,22.39951365129177,26.411023806532995,-4.011510155241229,-3.883359599660146,30.03995392304697,-42.28311405809738,28.11912172063153,-0.3909177324351142
2020-03-24,22.01336662923692,23.011878840524528,20.6615337432568,21.867429733276367,12333600,22.317654586981703,26.07446128258806,-3.7568066956063575,-3.858049018849389,31.1023437018264,-12.258633166566602,29.95305638533837,0.0669578026447977
2020-03-25,22.4127695207385,24.905209972922997,21.96727930565568,23.33447265625,10539200,22.4740881360999,25.87149916211857,-3.3974110260186734,-3.7659214202832456,36.3712596942262,49.01157298062192,32.38329262876763,-0.4346365616435096
2020-03-26,23.25766628743673,24.041113624334734,22.23611101377671,22.79681396484375,14298600,22.523738263598958,25.64374470306118,-3.1200064394622267,-3.636738424119042,36.81519378819898,68.1241298593434,34.882651943855194,-0.5340591482818127
2020-03-27,21.506433328113054,22.47575833364296,20.676899529771934,21.936561584472656,9101400,22.433403389887214,25.3691385461287,-2.9357351562414813,-3.49653777054353,46.4707915658486,25.191452421296177,37.38201125894276,-0.4975075154964413
2020-03-30,21.744538070340184,22.57407180047122,21.3604946496312,22.005687713623047,6817000,22.367600978154268,25.11999404001717,-2.7523930618629,-3.3477088288074044,44.9318099564658,49.1809831202452,39.39080614858115,-0.5135337859392166
2020-03-31,21.928880035170877,23.10405349954091,21.852072518487823,22.458860397338867,7599900,22.381640888798053,24.922873029448404,-2.541232140650351,-3.186413491175994,52.57097537874919,70.86012121790156,40.496388267095575,-0.3669649586081505
2020-04-01,21.38353661795536,21.71381417618316,20.69225879132076,20.769067764282227,10339900,22.13355271579562,24.615183750547207,-2.481631034751586,-3.0454569998911127,57.59351575458652,-8.152907167474496,42.41554018995957,-0.3108896754149879
2020-04-02,20.822830630468907,22.919706942140355,20.68073353804125,21.529470443725582,10680300,22.040616981631,24.386612394486345,-2.345995412855345,-2.905564682483959,55.52930697287145,22.856154977288973,45.06579833909596,-0.4422288730959682
2020-04-03,21.337449663692123,21.944237412242583,21.060937974980483,21.48338508605957,8005100,21.954888997696933,24.171558519788064,-2.2166695220911308,-2.767785650405393,67.02796311248991,-11.759893460231506,47.37362840446448,-0.358518356600633
2020-04-06,22.68160294127973,23.795327883477054,22.6585598106791,23.45737075805664,8021100,22.186040037752274,24.118655722622773,-1.9326156848704985,-2.6007516572984146,62.70969831895293,138.9310109951962,47.92616830514559,-0.4014733926608012
2020-04-07,25.16251946449019,26.93680082885242,24.432837965106994,24.832244873046875,15028000,22.593148473951445,24.171514178209744,-1.5783657042582997,-2.396274466690392,67.19206276861986,230.92154935327355,52.29061459340244,-0.0458045750856399
2020-04-08,25.323826583248252,26.83695581685637,24.855293095220404,26.72174453735352,7220700,23.228317099090223,24.36042013073891,-1.1321030316486862,-2.1434401796820506,68.62090255677323,196.57129311830303,54.28104717657828,-0.4404795583533613
2020-04-09,27.459105450394592,28.987599602436045,27.297807911792606,28.08125686645508,9892300,23.974923217146355,24.636037666717883,-0.661114449571528,-1.8469750336599464,74.00000653485857,211.7604315609799,53.73718870223007,-0.2930694804168664
2020-04-13,28.012130992364284,28.342408603336853,26.552764668065983,27.059701919555664,7170600,24.44950455597856,24.815568352113274,-0.3660637961347177,-1.550792786154901,72.21369035631598,137.27336556650255,53.70134701955832,0.1567418694496155
2020-04-14,27.935315481855596,28.526742656464165,26.95216533706137,27.16722869873047,7348800,24.86761596255577,24.98976541482566,-0.122149452269884,-1.2650641193778975,69.46954202147897,113.33900990857576,51.94462423615118,-0.2772007517516613
2020-04-15,25.99973767864304,25.99973767864304,24.478927592026032,24.75543785095215,7586700,24.85035779153983,24.972407817501697,-0.1220500259618653,-1.036461300694691,54.88128568030837,31.79856555970392,48.761066540626906,-0.4111083500087261
2020-04-16,25.10875782441996,25.10875782441996,23.541861427655785,24.294586181640625,6918500,24.764854466939955,24.922198807437912,-0.1573443404979571,-0.8606379086553442,55.172426966830926,6.121737306623773,46.08366532511665,-0.313772529674073
2020-04-17,25.37758941261312,26.16103832606757,25.039629334249213,25.66946029663086,6544100,24.904024594584712,24.97755151034109,-0.073526915756382,-0.7032157100755518,62.4487639485459,39.59946504569636,42.36910906736127,-0.2841133452378786
2020-04-20,24.717031430893403,25.21628898194736,24.194732215335485,24.217775344848636,7140700,24.798447786933007,24.92127179437869,-0.1228240074456827,-0.5871373695495781,56.754215083859066,-1.3321630591599574,39.79266809012126,-0.6273866868577898
2020-04-21,23.349839784334687,23.93358596206923,22.7507329831143,23.718521118164062,7315100,24.632305222507014,24.832179151696124,-0.1998739291891063,-0.5096846814774837,53.83535653702018,-43.619090764288806,36.76311126618797,-0.1697995110547968
2020-04-22,24.42515885192749,24.59798013426359,23.71851896053163,24.455883026123047,5331100,24.60516334614025,24.80430536461664,-0.1991420184763868,-0.4475761488772643,61.91658630635656,-26.254930856418543,33.119632679786484,-0.3389667295333411
2020-04-23,24.655583282117803,25.600332554570564,24.586455358036343,25.0089054107666,7724700,24.667277509928923,24.81946092359071,-0.1521834136617883,-0.3884976018341691,61.39910418140326,-2.700902949285706,29.50425641291065,-0.4692075672958578
2020-04-24,25.377589991829097,25.61569503790865,24.76312110353201,25.43903541564941,4979100,24.786009495424384,24.865355330409876,-0.0793458349854887,-0.326667248464433,62.64115314331273,-6.984614375185526,26.216333971069144,-0.5228779789592538
2020-04-27,25.5849734580628,26.68717618803461,25.20093004162245,26.45290946960449,4885900,25.042455645298247,24.98295193331318,0.0595037119850658,-0.2494330563745332,60.19875071351156,33.355783483516696,23.261942675679933,-0.5813335493206978
2020-04-28,27.25171429584673,27.79705512025481,26.6602872171156,27.551267623901367,5868600,25.428426718929497,25.173197540023416,0.255229178906081,-0.1485006093184104,59.43496040370523,91.42762295115637,22.002378752016373,-0.2977243375964463
2020-04-29,28.419206913571,29.25642150471206,28.342399418244277,28.780208587646484,6887300,25.94408546796288,25.44038354355105,0.5037019244118319,-0.0180601025723619,57.486011260910686,137.98015911614283,21.913149843290796,-0.3331837342365792
2020-04-30,28.62659642661236,28.688041849232857,27.689529558995304,28.18110466003418,10990200,26.288242266743083,25.6433999225498,0.6448423441932825,0.1145203867807669,50.38437505736366,108.23048709181931,22.61004363444952,-0.3959630441597916
2020-05-01,26.675654702067728,26.95216642394648,25.76163244809624,26.061185836791992,8709300,26.25331050828907,25.67434702730848,0.5789634809805868,0.2074090056207309,46.45581792608312,20.96768878314872,23.306937425608258,-0.3901440741924139
2020-05-04,24.65557896484424,25.45438974101817,24.39443086572008,25.3929443359375,6248300,26.120946481773444,25.653502383503223,0.4674440982702208,0.2594160241506289,43.94335018347644,-33.04688889472487,24.504558664202627,-0.2895159919101458
2020-05-05,25.830760041781694,26.537398495130898,25.523524148140268,25.63105583190918,5041600,26.045578689486632,25.65183967597774,0.3937390135088918,0.2862806220222815,53.509848732978526,9.553972807843396,27.006435579227173,-0.5385936641079538
2020-05-06,25.12412080099414,25.63489927247419,24.486608757837107,24.54805564880371,4601500,25.815190529381567,25.57007789618707,0.2451126331944983,0.2780470242567249,50.96774531820588,-51.599844592455405,29.301955254680266,-0.5432272553443909
2020-05-07,24.985861865087703,25.961332421406212,24.970499777978137,25.23164939880371,5056200,25.725414970831125,25.54500911860312,0.1804058522280058,0.2585187898509811,48.23528760539771,-21.16165612425727,32.21539513956024,-0.407836890220642
2020-05-08,25.94596771209586,26.399138980963965,25.631052283222648,26.368417739868164,4175700,25.8243384737599,25.606002349807937,0.2183361239519641,0.2504822566711777,58.89453833840764,16.218797533089734,34.97224903071399,-0.2672630076607068
2020-05-11,26.26857437991252,26.29929856123866,25.40831781291504,26.038148880004883,4321000,25.85723238241297,25.6380132038966,0.2192191785163757,0.2442296410402173,59.72941547489655,-8.996331241542315,38.01830467753178,-0.1294360731083613
2020-05-12,26.3069744890575,27.19795511367592,25.92293106585958,25.95365524291992,5675400,25.872066668644813,25.661394095676105,0.2106725729687077,0.2375182274259154,56.64623418093279,12.989762492014282,40.15155048934399,-0.1247058286282577
2020-05-13,25.730907645644205,25.779296902792584,24.41747992872773,24.847606658935547,5865200,25.71445743638185,25.601113544806434,0.1133438915754148,0.2126833602558153,49.31773636953167,-91.42427782850524,43.5044540862191,-0.4927252404964887
2020-05-14,23.95662681517183,25.769310599848108,23.733880948214868,25.73858642578125,6187900,25.718169588597146,25.61129672117494,0.1068728674222008,0.1915212616890924,51.21950121048604,-84.26505437125847,46.78329582893183,-0.2811500038951635
2020-05-15,25.5081606730328,26.09958783161191,25.21628981296919,25.77699279785156,4829200,25.727219313097823,25.623570504632468,0.1036488084653548,0.1739467710443449,47.01086741063981,-33.62616060247086,51.8354667725837,-0.8026439750567078
2020-05-18,27.558955898661036,29.19497871426176,27.42837961576192,28.21951103210449,8544900,26.11064880832962,25.815862395556323,0.2947864127732984,0.1981146993901356,52.64119593815257,141.6531021195544,48.9245878739952,-0.1624906131854424
2020-05-19,28.135023942458936,28.173427701421087,27.328533284177823,27.374616622924805,4415500,26.30510539519042,25.93132567165769,0.3737797235327278,0.2332477042186541,44.270536031244426,115.0903103620533,44.7701281385739,-0.160270574948062
2020-05-20,27.91227288386842,28.41921002660166,27.466781158123645,27.789379119873047,5656200,26.53345519898775,26.068959260414385,0.4644959385733642,0.2794973510895961,48.37888871505992,141.09685237437134,41.64758141097879,-0.4758072978901592
2020-05-21,27.651122822390377,28.234867459432746,27.389973211867066,27.512866973876957,3941800,26.68413393358609,26.17591538733754,0.5082185462485462,0.3252415901213862,57.08925619064918,102.84266862292442,38.52503468338366,-0.2888272801304565
2020-05-22,27.405332864501165,27.789376202927453,27.167224939870337,27.74328994750977,3040600,26.847081012651262,26.29201720660956,0.5550638060417086,0.3712060333054506,61.99060335915704,77.04581554497524,35.58486944741816,-0.591779445608457
2020-05-26,29.46380891140932,29.91698022207037,29.125848858023687,29.794086456298828,6188600,27.30046646552012,26.55142974362358,0.749036721896541,0.4467721710236687,67.92329064457846,157.53431619820483,34.70931557056407,0.0424248866426448
2020-05-27,30.685070541440208,31.23425276172324,29.978429108969294,30.58521842956543,6895200,27.80581292152709,26.8502289055452,0.9555840159818948,0.548534540015314,76.66214942674743,167.5435535160514,34.36675560474124,-0.2228105217218399
2020-05-28,30.9370385313826,31.03085737414416,29.98320418555714,30.264663696289062,5266800,28.18409765610586,27.103150001155853,1.0809476549500054,0.6550171630022523,72.9638508166736,135.62523041858017,34.96221153184091,-0.5346816033124924
2020-05-29,29.819014315928406,30.48357201976848,29.490646942754218,30.17865562438965,5254200,28.49095272814952,27.330965232506504,1.159987495643012,0.7560112295304043,69.22847836382047,102.8380370128621,36.07746435150309,-0.4980430230498314
2020-06-01,30.18648147583008,30.499211942239903,29.85029406216529,30.18648147583008,3014400,28.75180330471576,27.542484954234176,1.2093183504815812,0.8466726537206398,71.63890783122113,91.24734396649995,36.7410858886626,-0.2766076410189271
2020-06-02,30.647761810713263,32.23487706206675,30.561759962767518,31.74232292175293,6083400,29.2118832457984,27.85358406293927,1.358299182859131,0.948997959548338,76.17718582890122,120.72186005656545,39.15488792351585,-0.3418232484587601
2020-06-03,32.43814781754015,33.071428595428074,32.41469087515596,32.547603607177734,5160600,29.725070993702914,28.20128921436434,1.5237817793385735,1.063954723506385,85.79417535228352,139.07692932740872,38.55219651059854,-0.3080352748433749
2020-06-04,32.44597616863624,33.43108160268414,32.30524639485116,33.391990661621094,3901500,30.28921248107494,28.585785617864843,1.7034268632100975,1.191849151447128,85.73237063607122,136.1681459845869,38.16216900042041,0.092438647380242
2020-06-05,34.95564727346732,35.7531148858687,34.27311124678813,34.37709426879883,7656600,30.918117371494,29.014771443859956,1.9033459276340456,1.3341485066845116,86.89117972117069,177.5250616031111,37.44862921937387,-0.5269206202424624
2020-06-08,34.46309673500933,35.90948225508292,34.46309673500933,35.88602828979492,5727300,31.68241135892491,29.523753432447727,2.158657926477183,1.499050390643046,85.74981922583297,156.72690563149573,40.22743914479577,-0.4021250318037346
2020-06-09,34.76800312758358,35.041642608331486,34.33721256760334,34.721092224121094,5535400,32.14990072280124,29.9087414910902,2.2411592317110447,1.647472158856646,83.26455591887932,108.68331005331022,43.88033768414741,-0.1934606741581644
2020-06-10,34.705462629487954,34.79146447955032,33.93145194382125,34.07218170166016,4267700,32.4456362580103,30.217144469650936,2.228491788359367,1.7636760847571902,77.85758624947354,81.26896626424147,47.2421440540606,-0.3706922972280728
2020-06-11,32.230969058696814,32.868162980928666,30.452306025301404,30.69467163085937,9225100,32.17625708460247,30.252516851962675,1.923740232639794,1.7956889143337111,61.06511174145592,-18.162239226708525,50.6039504239738,-0.4821166894398629
2020-06-12,32.69615489070102,32.7704297508058,31.261496480178884,32.2348747253418,5034900,32.18527518317775,30.39935817591668,1.7859170072610695,1.793734532919183,64.31587768008863,-4.169907404060581,53.16692527591351,-0.4314045835482447
2020-06-15,30.866674255604703,33.18871228197594,30.71812750313161,32.821250915527344,5665300,32.283117603539225,30.578757638110066,1.7043599654291626,1.775859619421179,60.64179054439147,-6.112695240414126,52.43489257532322,-0.4276003622050796
2020-06-16,34.52564123379013,34.79146377292611,32.39906092070232,33.032344818115234,5592400,32.39838332885861,30.760504836628964,1.6378784922296423,1.748263393982872,58.96845492065183,37.61935921671807,48.97667162026813,-0.4293042808771133
2020-06-17,33.38416827713486,33.45922454203014,32.07850958278043,32.187965393066406,3525100,32.36601133873673,30.866242655624333,1.4997686831124,1.6985644518087777,56.78806453549913,-8.12836819592045,44.9961858566758,0.0900111084803938
2020-06-18,31.781408053818627,32.82906094540494,31.57031348061321,32.50851058959961,4106800,32.38793430040794,30.98789213221509,1.4000421681928472,1.6388599950855918,58.08902868348255,-33.57839368661601,40.211588539586806,-0.2567183272066441
2020-06-19,33.32944135777475,33.618717862436064,32.422517925434825,32.56324768066406,7494400,32.41490558967811,31.10458513580391,1.3103204538742048,1.5731520868433146,58.225107253587375,-14.400943332825095,36.220827244288905,-0.1048649717122316
2020-06-22,32.41469518092747,32.93852322120653,31.79704830598909,32.63360977172852,3316000,32.44855238691664,31.217846219946477,1.230706166970165,1.5046629028686849,53.437874794793984,-47.936292492130285,33.54626819836351,-0.2629828432109207
2020-06-23,33.212178458883926,33.212178458883926,32.31307465420761,32.32870864868164,3603900,32.43011488872664,31.30013232577871,1.1299825629479336,1.429726834884535,49.12177702790809,-36.45905209519561,31.675719936552447,-0.1352499037981033
2020-06-24,31.74232407776784,31.836145905733105,29.95975110069033,30.061389923095703,7707200,32.06569566324496,31.208373629283678,0.8573220339612853,1.315245874699885,38.00674789303482,-143.02125814448408,30.110166948225903,-0.212081736042386
2020-06-25,29.709564995696297,31.296680276609575,29.459379423802005,31.25758934020996,5986900,31.941371613547265,31.212019237500435,0.7293523760468297,1.198067174969274,38.93510614935749,-129.69733044278138,31.132623422271656,-0.6249910819033782
2020-06-26,30.92921606168417,31.273220412541303,30.280295306549515,31.116853713989254,8333800,31.814522705922958,31.20496993946257,0.6095527664603857,1.0803642932674964,31.265334551530916,-107.7240344196456,33.23091103183668,-0.1805993287513654
2020-06-29,31.55467937844321,32.20750712852681,31.421766642902643,32.03941345214844,7756700,31.849121282265337,31.26678057003189,0.5823407122334459,0.9807595770606864,39.26111321242399,-23.0731964765664,35.54366454462733,-0.4245882376741904
2020-06-30,31.7345028024546,32.015962283487845,31.085582000911604,31.867412567138672,4835300,31.851935326092004,31.31127182907684,0.5406634970151671,0.8927403610515825,40.82028749705772,-30.970526023270107,37.93469141909669,-0.1903191626899772
2020-07-01,31.859588623046875,32.2895947441693,31.531221288444897,31.859588623046875,4023600,31.853112756392758,31.351887887889436,0.5012248685033214,0.8144372625419304,56.74201359635876,-12.496016981529202,40.389568000772826,-0.2500714144359032
2020-07-02,32.57106243669236,33.03234260659116,31.984689491013228,32.516334533691406,4017500,31.95514687597716,31.438143194985877,0.5170036809912872,0.7549505462318018,51.81451662485103,47.10363451466407,42.03104873004575,-0.3699212480336428
2020-07-06,33.32944666607064,33.446719492474585,32.49288797810877,33.188716888427734,4679000,32.14492687789264,31.56781532042601,0.5771115574666261,0.7193827484787667,52.34299941089967,88.31745606231517,45.35357412938721,-0.5439925545360893
2020-07-07,32.63361067024456,32.89161321827313,32.187964482836925,32.59451675415039,4535900,32.214094551163065,31.643867278479668,0.5702272726833968,0.6895516533196927,47.33839616419601,52.41917941382353,50.34040372651016,-0.5435302509711339
2020-07-08,32.4381568687358,32.66488550377191,30.987858304022247,31.54686737060547,4824200,32.111444215692664,31.636682100118616,0.4747621155740482,0.6465937457705638,46.19669121640705,-25.50861072989153,55.33071707206612,-0.3974418408022477
2020-07-09,31.578141291723448,31.67978011715185,30.62430688950476,30.83540153503418,3671900,31.91512995712982,31.57732798418644,0.3378019729433852,0.5848353912051281,40.51426778198336,-83.33760966389676,60.32103041762206,-0.5029587829485536
2020-07-10,30.835396458314698,31.91432347479319,30.822106674825054,31.867412567138672,3007800,31.907788820208104,31.598815731071788,0.308973089136316,0.5296629307913657,46.44850034422925,-27.486935129241758,63.91363548492687,-0.1681001496811708
2020-07-13,32.13324747208491,32.71180362650677,31.664150144406268,32.242706298828125,3089000,31.959314586149645,31.64651132868337,0.3128032574662747,0.4862909961263476,48.065081012329344,46.815879095555786,66.4742534943096,-0.2095517435899147
2020-07-14,32.30523599085454,33.368525947040496,32.24269110178595,33.180885314941406,4350800,32.147248544425295,31.76016866099878,0.3870798834265159,0.4664487735863812,53.96931132245108,118.95956838227757,68.34048823562951,-0.1547040067174855
2020-07-15,34.12691750382462,34.47873899735949,33.27081177600769,33.876731872558594,3788300,32.413322902599646,31.916951121114323,0.4963717814853225,0.4724333751661695,70.81907121000812,174.34246763186326,68.07812128955625,-0.4991702091481004
2020-07-16,33.76725751595877,34.607725882391655,33.49361803965346,34.26763153076172,4259800,32.69860115308612,32.09107559590302,0.6075255571830951,0.4994518115695547,68.00739680653854,160.23729959636165,63.58670863284606,-0.2574713865295052
2020-07-17,34.455277252470644,34.51782513739877,33.58744473500034,34.14254379272461,4610600,32.92074617456896,32.24303620307499,0.677709971493968,0.5351034435544374,68.13496256133556,131.81286686321147,58.22311043470524,-0.2633047321578488
2020-07-20,33.88455029208207,34.1464629198082,32.9307156687832,33.07144546508789,3580900,32.943930680802644,32.30439985211299,0.6395308286896579,0.5559889205814815,56.07743705358386,62.386783159028646,52.96707526970818,0.0071110039328535
2020-07-21,33.227808371381336,33.9549112402215,33.18871742861044,33.64999771118164,3399600,33.05255637778403,32.40407376759956,0.6484826101844732,0.57448765850208,60.01763452164485,68.39655316363768,47.30386999211716,-0.1831238345642175
2020-07-22,33.57180261824749,34.79145934538453,33.52880169956194,34.66636657714844,5792500,33.300834869993935,32.571651012751325,0.7291838572426101,0.605426898250186,64.16737364257737,109.86595878473278,43.203228882921806,-0.2048507394159541
2020-07-23,33.61872278731967,33.775089536308364,32.74307316840971,33.47799301147461,6574300,33.328089968683265,32.638787457101195,0.6893025115820706,0.622202020916563,54.606787607488606,27.5637510305361,39.93594368525458,-0.2827407007034008
2020-07-24,33.477988347930435,33.9939964599989,33.07143605017236,33.313804626464844,2999600,33.32589222372658,32.68878872890591,0.6371034948206713,0.6251823156973846,50.6298974522107,34.27648166029857,36.078302739182895,0.1843889953897279
2020-07-27,33.47017338182261,34.77582922085276,33.173076880372136,34.40055084228516,4733600,33.491224318889444,32.81558592248956,0.6756383963998829,0.6352735318378843,58.66472645334813,74.94344095310902,33.54224215920732,-0.2023128502070904
2020-07-28,34.19726165785281,34.41617320682535,33.298155540379305,33.32160949707031,3395400,33.46512973091727,32.85306915023629,0.612060580680982,0.6306309416065038,58.48910939145064,36.25321354705052,30.786575422485804,-0.2069956876118393
2020-07-29,33.46234956028394,34.11596178838403,33.41544163238171,34.0252685546875,3186900,33.551304934574226,32.93989873575119,0.6114061988230333,0.6267859930498098,65.26946851323618,45.9364349943129,27.83388502742078,-0.1852703456367765
2020-07-30,33.35289621774254,33.485808982335186,32.32087997333567,32.62579345703125,4118700,33.40891855341377,32.916631678068235,0.4922868753455347,0.5998861695089548,53.50689560403699,-108.23798499671682,25.71566056548752,-0.5322455627222856
2020-07-31,32.4381619779185,32.77434648608442,31.73451304815753,32.10197448730469,7462100,33.20785023555084,32.85628670097464,0.3515635345762007,0.550221642522404,49.358047651893806,-196.3737920557697,24.762703239533263,-0.3889400216440359
2020-08-03,32.22705333810244,32.24269030559512,31.335767068145906,31.343584060668945,5079900,32.921040054799775,32.74423465354458,0.1768054012551942,0.4755383942689621,41.47933785315492,-215.3491854387341,24.868005942993967,-0.101174237493139
2020-08-04,31.30450949226864,32.73135146031366,31.19505364506705,32.30525207519531,5408800,32.826303442552934,32.71171742551871,0.1145860170342274,0.4033479188220152,42.88747313081087,-127.31598447109027,25.86612099346701,-0.1318912668661637
